Timestamps,Actual,Predicted
2023-01-01 05:00:00,5,4.7218213
2023-01-01 06:00:00,6,5.012885
2023-01-01 07:00:00,5,5.075377
2023-01-01 08:00:00,5,5.079526
2023-01-01 09:00:00,6,5.8584723
2023-01-01 10:00:00,6,5.776713
2023-01-01 11:00:00,5,5.5255775
2023-01-01 12:00:00,6,5.6274176
2023-01-01 13:00:00,5,5.830008
2023-01-01 14:00:00,6,4.8636613
2023-01-01 15:00:00,5,7.002899
2023-01-01 16:00:00,6,8.957468
2023-01-01 17:00:00,6,8.957468
2023-01-01 18:00:00,5,8.377418
2023-01-01 19:00:00,6,8.538087
2023-01-01 20:00:00,5,6.2201366
2023-01-01 21:00:00,6,4.317865
2023-01-01 22:00:00,6,4.3474207
2023-01-01 23:00:00,5,4.2009306
2023-01-02 00:00:00,6,5.0952234
2023-01-02 01:00:00,5,5.092336
2023-01-02 02:00:00,5,5.3199563
2023-01-02 03:00:00,6,5.1495214
2023-01-02 04:00:00,5,5.097875
2023-01-02 05:00:00,5,4.8444757
2023-01-02 06:00:00,6,5.5315695
2023-01-02 07:00:00,6,5.5234046
2023-01-02 08:00:00,5,5.7016664
2023-01-02 09:00:00,7,6.342207
2023-01-02 10:00:00,6,6.3419566
2023-01-02 11:00:00,5,6.0678053
2023-01-02 12:00:00,5,6.1464777
2023-01-02 13:00:00,6,5.722872
2023-01-02 14:00:00,6,5.722872
2023-01-02 15:00:00,13,9.39682
2023-01-02 16:00:00,19,12.012017
2023-01-02 17:00:00,19,12.084704
2023-01-02 18:00:00,14,11.652745
2023-01-02 19:00:00,4,9.744491
2023-01-02 20:00:00,5,7.152666
2023-01-02 21:00:00,5,5.65367
2023-01-02 22:00:00,4,5.6030746
2023-01-02 23:00:00,5,5.6143303
2023-01-03 00:00:00,4,4.4119787
2023-01-03 01:00:00,4,4.4710107
2023-01-03 02:00:00,4,4.90277
2023-01-03 03:00:00,4,4.94955
2023-01-03 04:00:00,5,4.982774
2023-01-03 05:00:00,4,5.0334873
2023-01-03 06:00:00,4,4.9959054
2023-01-03 07:00:00,5,5.028421
2023-01-03 08:00:00,5,5.201928
2023-01-03 09:00:00,4,5.7607093
2023-01-03 10:00:00,4,5.527702
2023-01-03 11:00:00,3,5.2464967
2023-01-03 12:00:00,4,5.2220545
2023-01-03 13:00:00,3,5.498216
2023-01-03 14:00:00,4,5.329499
2023-01-03 15:00:00,3,7.5317197
2023-01-03 16:00:00,4,10.04528
2023-01-03 17:00:00,4,9.818927
2023-01-03 18:00:00,3,9.802077
2023-01-03 19:00:00,4,8.801261
2023-01-03 20:00:00,3,6.066479
2023-01-03 21:00:00,3,4.8439107
2023-01-03 22:00:00,4,4.873297
2023-01-03 23:00:00,3,4.831263
2023-01-04 00:00:00,3,3.8913999
2023-01-04 01:00:00,2,4.0457187
2023-01-04 02:00:00,3,4.2061534
2023-01-04 03:00:00,3,3.9670706
2023-01-04 04:00:00,2,3.9670706
2023-01-04 05:00:00,3,4.0778213
2023-01-04 06:00:00,3,4.4622626
2023-01-04 07:00:00,4,4.4910975
2023-01-04 08:00:00,4,4.4986753
2023-01-04 09:00:00,5,5.1759343
2023-01-04 10:00:00,5,4.579514
2023-01-04 11:00:00,4,4.431781
2023-01-04 12:00:00,5,4.463805
2023-01-04 13:00:00,5,4.4824758
2023-01-04 14:00:00,6,4.551479
2023-01-04 15:00:00,5,6.850829
2023-01-04 16:00:00,16,9.610128
2023-01-04 17:00:00,19,11.382986
2023-01-04 18:00:00,12,11.279896
2023-01-04 19:00:00,5,10.464242
2023-01-04 20:00:00,4,4.4406233
2023-01-04 21:00:00,5,4.2338324
2023-01-04 22:00:00,4,3.9094098
2023-01-04 23:00:00,4,3.6810775
2023-01-05 00:00:00,4,3.904279
2023-01-05 01:00:00,4,3.8223307
2023-01-05 02:00:00,4,3.767205
2023-01-05 03:00:00,4,3.7636278
2023-01-05 04:00:00,3,3.7834296
2023-01-05 05:00:00,5,3.9308817
2023-01-05 06:00:00,4,4.334828
2023-01-05 07:00:00,4,4.503756
2023-01-05 08:00:00,6,5.1712847
2023-01-05 09:00:00,7,5.3661675
2023-01-05 10:00:00,7,5.1496363
2023-01-05 11:00:00,7,5.062665
2023-01-05 12:00:00,7,4.422972
2023-01-05 13:00:00,7,4.4094925
2023-01-05 14:00:00,7,4.45571
2023-01-05 15:00:00,7,4.9554086
2023-01-05 16:00:00,7,6.9487357
2023-01-05 17:00:00,7,7.310544
2023-01-05 18:00:00,7,7.3993793
2023-01-05 19:00:00,6,5.4393773
2023-01-05 20:00:00,7,4.7578225
2023-01-05 21:00:00,7,4.2523956
2023-01-05 22:00:00,6,4.607021
2023-01-05 23:00:00,7,4.4116826
2023-01-06 00:00:00,6,4.5345697
2023-01-06 01:00:00,6,4.618562
2023-01-06 02:00:00,6,4.76219
2023-01-06 03:00:00,6,4.55064
2023-01-06 04:00:00,6,4.55064
2023-01-06 05:00:00,7,4.8726544
2023-01-06 06:00:00,6,4.594615
2023-01-06 07:00:00,7,5.1434746
2023-01-06 08:00:00,7,4.9279513
2023-01-06 09:00:00,8,4.998312
2023-01-06 10:00:00,8,4.9433293
2023-01-06 11:00:00,8,4.987634
2023-01-06 12:00:00,7,4.671411
2023-01-06 13:00:00,7,4.6017485
2023-01-06 14:00:00,6,4.99483
2023-01-06 15:00:00,7,5.629304
2023-01-06 16:00:00,7,7.4274406
2023-01-06 17:00:00,7,7.4810047
2023-01-06 18:00:00,7,7.3779144
2023-01-06 19:00:00,6,6.32266
2023-01-06 20:00:00,8,5.704187
2023-01-06 21:00:00,7,5.2294087
2023-01-06 22:00:00,7,5.2369747
2023-01-06 23:00:00,7,5.450851
2023-01-07 00:00:00,6,5.829482
2023-01-07 01:00:00,7,5.6579585
2023-01-07 02:00:00,6,5.694168
2023-01-07 03:00:00,6,5.8870654
2023-01-07 04:00:00,7,5.9654603
2023-01-07 05:00:00,6,6.0485983
2023-01-07 06:00:00,8,6.394077
2023-01-07 07:00:00,7,6.600613
2023-01-07 08:00:00,7,6.684367
2023-01-07 09:00:00,8,6.6951804
2023-01-07 10:00:00,7,6.5057173
2023-01-07 11:00:00,8,6.2230487
2023-01-07 12:00:00,8,6.0790677
2023-01-07 13:00:00,8,5.792585
2023-01-07 14:00:00,7,5.792585
2023-01-07 15:00:00,7,6.189293
2023-01-07 16:00:00,7,7.816464
2023-01-07 17:00:00,7,7.7637854
2023-01-07 18:00:00,7,7.660696
2023-01-07 19:00:00,7,6.039593
2023-01-07 20:00:00,6,5.475084
2023-01-07 21:00:00,7,4.9957914
2023-01-07 22:00:00,6,5.0033574
2023-01-07 23:00:00,6,4.752508
2023-01-08 00:00:00,7,5.3527937
2023-01-08 01:00:00,5,5.2137747
2023-01-08 02:00:00,6,5.515565
2023-01-08 03:00:00,6,5.5119877
2023-01-08 04:00:00,6,5.5119877
2023-01-08 05:00:00,6,5.6923556
2023-01-08 06:00:00,6,6.278496
2023-01-08 07:00:00,7,6.502183
2023-01-08 08:00:00,6,6.373223
2023-01-08 09:00:00,7,6.297147
2023-01-08 10:00:00,8,6.3156867
2023-01-08 11:00:00,8,5.994836
2023-01-08 12:00:00,8,5.626437
2023-01-08 13:00:00,7,5.712626
2023-01-08 14:00:00,8,5.296031
2023-01-08 15:00:00,8,6.0304523
2023-01-08 16:00:00,7,7.1802917
2023-01-08 17:00:00,8,7.1726813
2023-01-08 18:00:00,8,6.713435
2023-01-08 19:00:00,7,5.5634594
2023-01-08 20:00:00,8,5.2159367
2023-01-08 21:00:00,7,4.618624
2023-01-08 22:00:00,8,4.449399
2023-01-08 23:00:00,7,4.32196
2023-01-09 00:00:00,6,4.719486
2023-01-09 01:00:00,7,4.7671947
2023-01-09 02:00:00,7,4.9525805
2023-01-09 03:00:00,7,5.0305133
2023-01-09 04:00:00,7,4.82199
2023-01-09 05:00:00,7,5.0194306
2023-01-09 06:00:00,7,5.5362825
2023-01-09 07:00:00,7,5.619037
2023-01-09 08:00:00,8,5.5923944
2023-01-09 09:00:00,7,5.4137807
2023-01-09 10:00:00,8,5.3990464
2023-01-09 11:00:00,7,4.9706225
2023-01-09 12:00:00,7,5.049295
2023-01-09 13:00:00,8,5.7908115
2023-01-09 14:00:00,11,5.7908115
2023-01-09 15:00:00,21,6.2105336
2023-01-09 16:00:00,21,8.441763
2023-01-09 17:00:00,21,8.495327
2023-01-09 18:00:00,12,8.392237
2023-01-09 19:00:00,7,6.4066043
2023-01-09 20:00:00,7,5.320387
2023-01-09 21:00:00,7,4.5962067
2023-01-09 22:00:00,6,4.6780667
2023-01-09 23:00:00,7,4.693226
2023-01-10 00:00:00,6,4.019786
2023-01-10 01:00:00,6,4.019786
2023-01-10 02:00:00,6,4.1802206
2023-01-10 03:00:00,7,4.4264817
2023-01-10 04:00:00,6,4.4264817
2023-01-10 05:00:00,7,4.4856043
2023-01-10 06:00:00,6,4.5186806
2023-01-10 07:00:00,7,4.575965
2023-01-10 08:00:00,7,4.942031
2023-01-10 09:00:00,7,4.9756722
2023-01-10 10:00:00,8,4.9756722
2023-01-10 11:00:00,7,4.5212045
2023-01-10 12:00:00,8,4.5196166
2023-01-10 13:00:00,7,4.556229
2023-01-10 14:00:00,7,6.3083634
2023-01-10 15:00:00,7,9.164649
2023-01-10 16:00:00,7,9.689732
2023-01-10 17:00:00,6,9.9261675
2023-01-10 18:00:00,7,9.9261675
2023-01-10 19:00:00,6,9.082243
2023-01-10 20:00:00,7,6.6353736
2023-01-10 21:00:00,7,5.371874
2023-01-10 22:00:00,6,5.416648
2023-01-10 23:00:00,7,5.374614
2023-01-11 00:00:00,6,4.3633847
2023-01-11 01:00:00,6,4.5177035
2023-01-11 02:00:00,6,4.5238194
2023-01-11 03:00:00,6,4.674561
2023-01-11 04:00:00,7,4.230847
2023-01-11 05:00:00,6,4.7392135
2023-01-11 06:00:00,6,4.818021
2023-01-11 07:00:00,6,4.8468556
2023-01-11 08:00:00,7,4.8793845
2023-01-11 09:00:00,8,5.4023247
2023-01-11 10:00:00,6,5.4023247
2023-01-11 11:00:00,7,5.443587
2023-01-11 12:00:00,7,5.317362
2023-01-11 13:00:00,7,5.3879
2023-01-11 14:00:00,8,6.244317
2023-01-11 15:00:00,7,8.454947
2023-01-11 16:00:00,7,9.869488
2023-01-11 17:00:00,7,9.869488
2023-01-11 18:00:00,7,9.721819
2023-01-11 19:00:00,7,8.7912445
2023-01-11 20:00:00,7,6.3715844
2023-01-11 21:00:00,6,5.1394157
2023-01-11 22:00:00,7,5.023158
2023-01-11 23:00:00,6,4.933125
2023-01-12 00:00:00,7,4.3208003
2023-01-12 01:00:00,6,4.3208003
2023-01-12 02:00:00,6,4.5464153
2023-01-12 03:00:00,6,4.542838
2023-01-12 04:00:00,7,4.6328416
2023-01-12 05:00:00,6,4.742174
2023-01-12 06:00:00,6,4.8236084
2023-01-12 07:00:00,7,4.79276
2023-01-12 08:00:00,7,4.8248205
2023-01-12 09:00:00,8,5.5020795
2023-01-12 10:00:00,7,5.5020795
2023-01-12 11:00:00,8,5.3115883
2023-01-12 12:00:00,7,5.374226
2023-01-12 13:00:00,6,5.458472
2023-01-12 14:00:00,7,5.458472
2023-01-12 15:00:00,6,7.6691055
2023-01-12 16:00:00,6,9.583939
2023-01-12 17:00:00,7,9.620749
2023-01-12 18:00:00,6,9.728267
2023-01-12 19:00:00,6,11.110471
2023-01-12 20:00:00,7,8.291521
2023-01-12 21:00:00,6,6.495414
2023-01-12 22:00:00,6,5.728569
2023-01-12 23:00:00,6,5.734471
2023-01-13 00:00:00,6,4.6868696
2023-01-13 01:00:00,6,4.5538044
2023-01-13 02:00:00,5,4.7416377
2023-01-13 03:00:00,6,4.773139
2023-01-13 04:00:00,6,4.7385178
2023-01-13 05:00:00,6,4.809567
2023-01-13 06:00:00,6,4.9798
2023-01-13 07:00:00,6,5.1116223
2023-01-13 08:00:00,6,5.1329474
2023-01-13 09:00:00,7,5.728446
2023-01-13 10:00:00,6,5.728446
2023-01-13 11:00:00,7,5.397597
2023-01-13 12:00:00,7,5.6428857
2023-01-13 13:00:00,8,5.8362093
2023-01-13 14:00:00,6,5.8362093
2023-01-13 15:00:00,6,8.408177
2023-01-13 16:00:00,5,11.591701
2023-01-13 17:00:00,6,11.4100065
2023-01-13 18:00:00,6,11.353223
2023-01-13 19:00:00,5,10.352408
2023-01-13 20:00:00,6,7.7151537
2023-01-13 21:00:00,5,6.4944105
2023-01-13 22:00:00,6,6.3029337
2023-01-13 23:00:00,6,5.0557685
2023-01-14 00:00:00,5,4.4386597
2023-01-14 01:00:00,5,4.4386597
2023-01-14 02:00:00,6,4.5990944
2023-01-14 03:00:00,5,4.5649576
2023-01-14 04:00:00,5,4.5649576
2023-01-14 05:00:00,5,4.605013
2023-01-14 06:00:00,6,4.7630115
2023-01-14 07:00:00,5,4.8255033
2023-01-14 08:00:00,6,4.9487967
2023-01-14 09:00:00,6,5.626055
2023-01-14 10:00:00,6,5.534822
2023-01-14 11:00:00,5,5.4778557
2023-01-14 12:00:00,6,5.4767594
2023-01-14 13:00:00,5,5.670083
2023-01-14 14:00:00,6,5.670083
2023-01-14 15:00:00,11,8.242052
2023-01-14 16:00:00,19,12.270582
2023-01-14 17:00:00,20,12.270582
2023-01-14 18:00:00,20,12.789165
2023-01-14 19:00:00,19,11.78835
2023-01-14 20:00:00,9,6.2995853
2023-01-14 21:00:00,5,5.0529566
2023-01-14 22:00:00,6,5.113396
2023-01-14 23:00:00,5,4.9843674
2023-01-15 00:00:00,6,4.552521
2023-01-15 01:00:00,5,4.4817553
2023-01-15 02:00:00,5,4.498103
2023-01-15 03:00:00,5,4.540056
2023-01-15 04:00:00,5,4.70348
2023-01-15 05:00:00,6,4.950646
2023-01-15 06:00:00,5,5.012885
2023-01-15 07:00:00,6,5.065983
2023-01-15 08:00:00,5,4.954415
2023-01-15 09:00:00,6,5.631673
2023-01-15 10:00:00,5,5.631673
2023-01-15 11:00:00,6,5.5652323
2023-01-15 12:00:00,5,5.5641356
2023-01-15 13:00:00,6,5.7574596
2023-01-15 14:00:00,6,5.7574596
2023-01-15 15:00:00,6,7.540621
2023-01-15 16:00:00,6,8.791316
2023-01-15 17:00:00,6,8.791316
2023-01-15 18:00:00,6,8.734532
2023-01-15 19:00:00,5,9.328562
2023-01-15 20:00:00,6,6.655191
2023-01-15 21:00:00,6,5.3962226
2023-01-15 22:00:00,6,5.2455654
2023-01-15 23:00:00,5,5.1542115
2023-01-16 00:00:00,6,5.1409826
2023-01-16 01:00:00,5,5.1409826
2023-01-16 02:00:00,5,5.478229
2023-01-16 03:00:00,6,5.5181584
2023-01-16 04:00:00,5,5.5181584
2023-01-16 05:00:00,6,5.5577955
2023-01-16 06:00:00,6,5.624321
2023-01-16 07:00:00,5,5.206543
2023-01-16 08:00:00,6,5.2773724
2023-01-16 09:00:00,7,6.267769
2023-01-16 10:00:00,6,6.2005296
2023-01-16 11:00:00,7,6.0105476
2023-01-16 12:00:00,7,6.1272683
2023-01-16 13:00:00,7,6.3363795
2023-01-16 14:00:00,7,6.2256336
2023-01-16 15:00:00,6,7.9561954
2023-01-16 16:00:00,7,10.526243
2023-01-16 17:00:00,6,10.31487
2023-01-16 18:00:00,6,10.504267
2023-01-16 19:00:00,6,10.02308
2023-01-16 20:00:00,7,7.222529
2023-01-16 21:00:00,6,6.0156417
2023-01-16 22:00:00,6,6.0494895
2023-01-16 23:00:00,6,5.9400096
2023-01-17 00:00:00,6,4.939407
2023-01-17 01:00:00,6,4.776246
2023-01-17 02:00:00,6,5.043033
2023-01-17 03:00:00,6,4.94955
2023-01-17 04:00:00,6,4.9088697
2023-01-17 05:00:00,6,4.9595833
2023-01-17 06:00:00,7,5.1138034
2023-01-17 07:00:00,6,5.1056385
2023-01-17 08:00:00,7,5.201928
2023-01-17 09:00:00,7,5.938803
2023-01-17 10:00:00,7,5.938803
2023-01-17 11:00:00,7,5.7488213
2023-01-17 12:00:00,5,5.6376815
2023-01-17 13:00:00,7,5.831006
2023-01-17 15:00:00,6,8.1774
2023-01-17 16:00:00,5,9.876591
2023-01-17 17:00:00,5,9.913402
2023-01-17 18:00:00,6,10.127033
2023-01-17 19:00:00,5,9.6195755
2023-01-17 20:00:00,6,6.666834
2023-01-17 21:00:00,5,5.4599466
2023-01-17 22:00:00,6,5.606556
2023-01-17 23:00:00,5,5.546767
2023-01-18 00:00:00,5,4.7116036
2023-01-18 01:00:00,5,4.7116036
2023-01-18 02:00:00,5,4.8083034
2023-01-18 03:00:00,4,4.804726
2023-01-18 04:00:00,5,4.804726
2023-01-18 05:00:00,6,4.9073834
2023-01-18 06:00:00,4,4.900494
2023-01-18 07:00:00,5,4.979947
2023-01-18 08:00:00,6,5.0036683
2023-01-18 09:00:00,6,5.7643714
2023-01-18 10:00:00,5,5.874414
2023-01-18 11:00:00,6,5.632766
2023-01-18 12:00:00,5,5.54991
2023-01-18 13:00:00,5,5.7432337
2023-01-18 14:00:00,5,5.7432337
2023-01-18 15:00:00,6,8.393905
2023-01-18 16:00:00,4,11.561709
2023-01-18 17:00:00,5,11.380015
2023-01-18 18:00:00,5,11.662047
2023-01-18 19:00:00,4,10.322417
2023-01-18 20:00:00,6,6.972117
2023-01-18 21:00:00,4,5.7652297
2023-01-18 22:00:00,5,5.4637103
2023-01-18 23:00:00,4,5.4974084
2023-01-19 00:00:00,5,4.5834727
2023-01-19 01:00:00,4,4.6185513
2023-01-19 02:00:00,4,4.778986
2023-01-19 03:00:00,5,4.7116737
2023-01-19 04:00:00,4,4.7774053
2023-01-19 05:00:00,5,4.8630643
2023-01-19 06:00:00,4,5.0151277
2023-01-19 07:00:00,5,5.077619
2023-01-19 08:00:00,6,5.0279217
2023-01-19 09:00:00,5,5.7051797
2023-01-19 10:00:00,6,5.6656785
2023-01-19 11:00:00,6,5.59218
2023-01-19 12:00:00,5,5.6604137
2023-01-19 13:00:00,4,5.7612424
2023-01-19 14:00:00,5,5.5332484
2023-01-19 15:00:00,5,7.6691055
2023-01-19 16:00:00,4,9.5974045
2023-01-19 17:00:00,5,9.620173
2023-01-19 18:00:00,4,9.620173
2023-01-19 19:00:00,4,8.689601
2023-01-19 20:00:00,5,6.241792
2023-01-19 21:00:00,4,5.01645
2023-01-19 22:00:00,4,5.109163
2023-01-19 23:00:00,4,5.006237
2023-01-20 00:00:00,4,4.40283
2023-01-20 01:00:00,4,3.820093
2023-01-20 02:00:00,4,4.2013435
2023-01-20 03:00:00,4,3.9919627
2023-01-20 04:00:00,4,4.2325916
2023-01-20 05:00:00,4,4.3907657
2023-01-20 06:00:00,4,4.4693427
2023-01-20 07:00:00,5,4.7735896
2023-01-20 08:00:00,4,4.589872
2023-01-20 09:00:00,6,5.0621734
2023-01-20 10:00:00,7,5.0621734
2023-01-20 11:00:00,6,4.7962017
2023-01-20 12:00:00,6,4.7497396
2023-01-20 13:00:00,7,5.0250034
2023-01-20 14:00:00,6,4.4411216
2023-01-20 15:00:00,7,6.54302
2023-01-20 16:00:00,6,9.770912
2023-01-20 17:00:00,6,9.77966
2023-01-20 18:00:00,5,9.751235
2023-01-20 19:00:00,6,8.669561
2023-01-20 20:00:00,6,5.9179273
2023-01-20 21:00:00,6,4.8268924
2023-01-20 22:00:00,6,5.101515
2023-01-20 23:00:00,5,4.9390354
2023-01-21 00:00:00,6,5.101306
2023-01-21 01:00:00,5,4.260134
2023-01-21 02:00:00,6,4.4187303
2023-01-21 03:00:00,5,4.272458
2023-01-21 04:00:00,6,4.899385
2023-01-21 05:00:00,5,4.9240746
2023-01-21 06:00:00,6,4.956345
2023-01-21 07:00:00,6,4.9671807
2023-01-21 08:00:00,7,5.4497766
2023-01-21 09:00:00,5,5.4497995
2023-01-21 10:00:00,6,5.4497995
2023-01-21 11:00:00,6,4.7019234
2023-01-21 12:00:00,6,4.5721083
2023-01-21 13:00:00,6,4.702317
2023-01-21 14:00:00,6,5.2350497
2023-01-21 15:00:00,6,7.4368153
2023-01-21 16:00:00,6,9.534435
2023-01-21 17:00:00,6,10.835276
2023-01-21 18:00:00,5,10.568281
2023-01-21 19:00:00,5,9.73739
2023-01-21 20:00:00,6,6.759862
2023-01-21 21:00:00,5,5.747978
2023-01-21 22:00:00,6,5.755544
2023-01-21 23:00:00,5,5.1038275
2023-01-22 00:00:00,5,4.740507
2023-01-22 01:00:00,4,4.7239685
2023-01-22 02:00:00,5,4.6217546
2023-01-22 03:00:00,5,4.6181774
2023-01-22 04:00:00,4,4.6181774
2023-01-22 05:00:00,5,4.366495
2023-01-22 06:00:00,6,4.811802
2023-01-22 07:00:00,5,4.9775863
2023-01-22 08:00:00,6,5.1966763
2023-01-22 09:00:00,5,5.0562105
2023-01-22 10:00:00,6,5.0562105
2023-01-22 11:00:00,6,4.803411
2023-01-22 12:00:00,5,4.8354354
2023-01-22 13:00:00,5,5.6100473
2023-01-22 14:00:00,5,4.7923226
2023-01-22 15:00:00,6,5.1493807
2023-01-22 16:00:00,5,6.85471
2023-01-22 17:00:00,5,5.9872594
2023-01-22 18:00:00,6,5.91382
2023-01-22 19:00:00,5,4.7888284
2023-01-22 20:00:00,6,4.5679364
2023-01-22 21:00:00,6,4.159604
2023-01-22 22:00:00,6,4.488008
2023-01-22 23:00:00,5,4.278295
2023-01-23 00:00:00,5,4.793602
2023-01-23 01:00:00,5,4.793602
2023-01-23 02:00:00,5,4.7864003
2023-01-23 03:00:00,5,4.782823
2023-01-23 04:00:00,5,4.956898
2023-01-23 05:00:00,6,5.1957026
2023-01-23 06:00:00,5,5.3132596
2023-01-23 07:00:00,6,5.3602266
2023-01-23 08:00:00,6,5.5292706
2023-01-23 09:00:00,7,5.6530304
2023-01-23 10:00:00,6,5.6530304
2023-01-23 11:00:00,6,5.294876
2023-01-23 12:00:00,6,5.0795894
2023-01-23 13:00:00,6,5.185162
2023-01-23 14:00:00,6,4.97881
2023-01-23 15:00:00,7,5.52666
2023-01-23 16:00:00,7,6.327184
2023-01-23 17:00:00,6,6.376721
2023-01-23 18:00:00,5,6.150999
2023-01-23 19:00:00,5,5.3293667
2023-01-23 20:00:00,6,4.666484
2023-01-23 21:00:00,5,4.4434648
2023-01-23 22:00:00,5,6.113304
2023-01-23 23:00:00,5,6.1859555
2023-01-24 00:00:00,5,4.3032475
2023-01-24 01:00:00,4,4.4039454
2023-01-24 02:00:00,5,4.3651185
2023-01-24 03:00:00,4,4.1996617
2023-01-24 04:00:00,5,4.2587867
2023-01-24 05:00:00,4,4.324491
2023-01-24 06:00:00,5,4.352578
2023-01-24 07:00:00,4,4.478008
2023-01-24 08:00:00,5,4.641562
2023-01-24 09:00:00,5,5.3453655
2023-01-24 10:00:00,4,5.1702476
2023-01-24 11:00:00,5,5.118134
2023-01-24 12:00:00,5,5.278198
2023-01-24 13:00:00,6,5.3518033
2023-01-24 14:00:00,5,5.3518033
2023-01-24 15:00:00,5,7.3402615
2023-01-24 16:00:00,6,9.759339
2023-01-24 17:00:00,5,9.623196
2023-01-24 18:00:00,5,10.03062
2023-01-24 19:00:00,5,9.206721
2023-01-24 20:00:00,5,6.2967105
2023-01-24 21:00:00,5,5.4575663
2023-01-24 22:00:00,5,5.5023403
2023-01-24 23:00:00,5,5.4052896
2023-01-25 00:00:00,4,4.601618
2023-01-25 01:00:00,5,4.762133
2023-01-25 02:00:00,4,4.5987663
2023-01-25 03:00:00,5,4.520414
2023-01-25 04:00:00,5,4.424876
2023-01-25 05:00:00,4,4.4604216
2023-01-25 06:00:00,5,4.5368867
2023-01-25 07:00:00,5,4.7200313
2023-01-25 08:00:00,6,4.867539
2023-01-25 09:00:00,6,5.544798
2023-01-25 10:00:00,5,5.363577
2023-01-25 11:00:00,5,5.2158437
2023-01-25 12:00:00,6,5.0831513
2023-01-25 13:00:00,5,5.1403065
2023-01-25 14:00:00,6,5.2617197
2023-01-25 15:00:00,5,7.5864453
2023-01-25 16:00:00,4,9.6707
2023-01-25 17:00:00,4,9.815028
2023-01-25 18:00:00,4,9.815028
2023-01-25 19:00:00,4,8.880242
2023-01-25 20:00:00,4,6.393641
2023-01-25 21:00:00,3,4.9375796
2023-01-25 22:00:00,3,4.911589
2023-01-25 23:00:00,4,4.77268
2023-01-26 00:00:00,3,3.5356212
2023-01-26 01:00:00,3,3.5356212
2023-01-26 02:00:00,3,3.696056
2023-01-26 03:00:00,3,3.6924787
2023-01-26 04:00:00,4,3.6924787
2023-01-26 05:00:00,3,3.8543696
2023-01-26 06:00:00,3,4.1954083
2023-01-26 07:00:00,4,4.3611927
2023-01-26 08:00:00,4,4.4070215
2023-01-26 09:00:00,6,5.0842805
2023-01-26 10:00:00,4,5.0842805
2023-01-26 11:00:00,5,4.971224
2023-01-26 12:00:00,5,5.032929
2023-01-26 13:00:00,6,5.365816
2023-01-26 14:00:00,5,5.365816
2023-01-26 15:00:00,5,7.4221306
2023-01-26 16:00:00,5,9.591815
2023-01-26 17:00:00,5,10.023953
2023-01-26 18:00:00,5,10.163347
2023-01-26 19:00:00,5,8.784679
2023-01-26 20:00:00,5,6.1588097
2023-01-26 21:00:00,5,4.727272
2023-01-26 22:00:00,5,4.740341
2023-01-26 23:00:00,5,4.4878097
2023-01-27 00:00:00,4,3.8592167
2023-01-27 01:00:00,5,3.8592167
2023-01-27 02:00:00,5,4.0446024
2023-01-27 03:00:00,4,3.9461803
2023-01-27 04:00:00,5,3.9276834
2023-01-27 05:00:00,5,4.1560636
2023-01-27 06:00:00,5,4.301563
2023-01-27 07:00:00,5,4.5237584
2023-01-27 08:00:00,5,4.556046
2023-01-27 09:00:00,6,4.703904
2023-01-27 10:00:00,5,4.7276464
2023-01-27 11:00:00,5,4.4998817
2023-01-27 12:00:00,5,4.7296653
2023-01-27 13:00:00,6,4.578399
2023-01-27 14:00:00,5,4.578399
2023-01-27 15:00:00,5,6.670469
2023-01-27 16:00:00,5,9.588867
2023-01-27 17:00:00,6,10.873139
2023-01-27 18:00:00,5,7.366044
2023-01-27 19:00:00,6,5.391221
2023-01-27 20:00:00,5,4.502818
2023-01-27 21:00:00,5,4.3482175
2023-01-27 22:00:00,5,4.3557835
2023-01-27 23:00:00,5,4.025104
2023-01-28 00:00:00,5,4.020848
2023-01-28 01:00:00,4,4.020848
2023-01-28 02:00:00,5,4.0846105
2023-01-28 03:00:00,5,4.2121735
2023-01-28 04:00:00,5,4.0530453
2023-01-28 05:00:00,5,4.4011188
2023-01-28 06:00:00,5,5.050023
2023-01-28 07:00:00,5,5.3106523
2023-01-28 08:00:00,5,4.717324
2023-01-28 09:00:00,5,5.3945827
2023-01-28 10:00:00,5,4.699466
2023-01-28 11:00:00,5,4.5478306
2023-01-28 12:00:00,5,4.3854575
2023-01-28 13:00:00,4,4.39585
2023-01-28 14:00:00,5,4.5099425
2023-01-28 15:00:00,4,6.720577
2023-01-28 16:00:00,5,9.677268
2023-01-28 17:00:00,4,9.98139
2023-01-28 18:00:00,5,9.835704
2023-01-28 19:00:00,4,8.770873
2023-01-28 20:00:00,5,6.505905
2023-01-28 21:00:00,4,5.1182876
2023-01-28 22:00:00,4,5.146997
2023-01-28 23:00:00,4,5.05032
2023-01-29 00:00:00,4,4.6345506
2023-01-29 01:00:00,3,3.66349
2023-01-29 02:00:00,4,3.7609775
2023-01-29 03:00:00,4,3.8203475
2023-01-29 04:00:00,4,3.8203475
2023-01-29 05:00:00,3,4.061522
2023-01-29 06:00:00,4,4.3233633
2023-01-29 07:00:00,5,4.6728935
2023-01-29 08:00:00,4,4.704954
2023-01-29 09:00:00,4,5.382213
2023-01-29 10:00:00,5,5.4473934
2023-01-29 11:00:00,5,5.254799
2023-01-29 12:00:00,5,5.2537017
2023-01-29 13:00:00,3,5.570536
2023-01-29 14:00:00,5,5.4742913
2023-01-29 15:00:00,4,7.684924
2023-01-29 16:00:00,16,11.877051
2023-01-29 17:00:00,19,11.590164
2023-01-29 18:00:00,13,11.351688
2023-01-29 19:00:00,4,9.760205
2023-01-29 20:00:00,4,6.850321
2023-01-29 21:00:00,4,5.399995
2023-01-29 22:00:00,4,5.3318577
2023-01-29 23:00:00,4,5.1763644
2023-01-30 00:00:00,4,5.1865783
2023-01-30 01:00:00,3,4.8068433
2023-01-30 02:00:00,4,4.7874756
2023-01-30 03:00:00,4,4.5431204
2023-01-30 04:00:00,4,4.7171416
2023-01-30 05:00:00,4,4.7893085
2023-01-30 06:00:00,5,4.828821
2023-01-30 07:00:00,4,4.7570214
2023-01-30 08:00:00,5,4.878189
2023-01-30 09:00:00,5,5.5166645
2023-01-30 10:00:00,6,5.5166645
2023-01-30 11:00:00,4,5.3266826
2023-01-30 12:00:00,4,4.586506
2023-01-30 13:00:00,4,5.5988107
2023-01-30 14:00:00,5,4.8051877
2023-01-30 15:00:00,4,7.043882
2023-01-30 16:00:00,4,8.23001
2023-01-30 17:00:00,5,8.23001
2023-01-30 18:00:00,4,8.23001
2023-01-30 19:00:00,4,9.100103
2023-01-30 20:00:00,4,6.349492
2023-01-30 21:00:00,5,5.143308
2023-01-30 22:00:00,3,5.044313
2023-01-30 23:00:00,4,4.866648
2023-01-31 00:00:00,4,4.0341315
2023-01-31 01:00:00,4,3.9192622
2023-01-31 02:00:00,3,4.0891137
2023-01-31 03:00:00,4,4.0855365
2023-01-31 04:00:00,4,4.558104
2023-01-31 05:00:00,4,4.538222
2023-01-31 06:00:00,4,4.576303
2023-01-31 07:00:00,5,4.776009
2023-01-31 08:00:00,5,4.9725575
2023-01-31 09:00:00,6,5.2360563
2023-01-31 10:00:00,5,5.080885
2023-01-31 11:00:00,5,4.7770953
2023-01-31 12:00:00,4,4.7759995
2023-01-31 13:00:00,5,5.1751227
2023-01-31 14:00:00,3,4.9693236
2023-01-31 15:00:00,4,6.8680806
2023-01-31 16:00:00,16,10.023758
2023-01-31 17:00:00,17,10.023758
2023-01-31 18:00:00,8,9.966974
2023-01-31 19:00:00,5,9.556384
2023-01-31 20:00:00,5,6.784537
2023-01-31 21:00:00,5,5.351016
2023-01-31 22:00:00,5,5.339329
2023-01-31 23:00:00,4,5.27954
2023-02-01 00:00:00,5,4.2964454
2023-02-01 01:00:00,4,4.2964454
2023-02-01 02:00:00,5,4.4248166
2023-02-01 03:00:00,4,4.4212394
2023-02-01 04:00:00,5,4.604064
2023-02-01 05:00:00,4,4.6150045
2023-02-01 06:00:00,5,4.5864973
2023-02-01 07:00:00,5,4.661369
2023-02-01 08:00:00,5,4.81724
2023-02-01 09:00:00,5,5.4149694
2023-02-01 10:00:00,5,5.4973073
2023-02-01 11:00:00,5,5.4156814
2023-02-01 12:00:00,5,5.544086
2023-02-01 13:00:00,5,5.0856166
2023-02-01 14:00:00,5,5.7531962
2023-02-01 15:00:00,6,8.349581
2023-02-01 16:00:00,17,10.260811
2023-02-01 17:00:00,17,10.260811
2023-02-01 18:00:00,5,9.955141
2023-02-01 19:00:00,6,9.737346
2023-02-01 20:00:00,5,6.7261553
2023-02-01 21:00:00,4,5.586821
2023-02-01 22:00:00,3,5.4436626
2023-02-01 23:00:00,4,5.2546444
2023-02-02 00:00:00,3,4.2199287
2023-02-02 01:00:00,3,4.2199287
2023-02-02 02:00:00,4,4.3803635
2023-02-02 03:00:00,3,4.376786
2023-02-02 04:00:00,3,4.376786
2023-02-02 05:00:00,4,4.4677997
2023-02-02 06:00:00,4,4.707867
2023-02-02 07:00:00,4,4.7831497
2023-02-02 08:00:00,5,4.408616
2023-02-02 09:00:00,5,4.58548
2023-02-02 10:00:00,4,4.531447
2023-02-02 11:00:00,5,4.8915386
2023-02-02 12:00:00,5,4.523952
2023-02-02 13:00:00,7,5.5618834
2023-02-02 14:00:00,5,4.6864095
2023-02-02 15:00:00,5,6.940038
2023-02-02 16:00:00,6,9.526485
2023-02-02 17:00:00,5,9.89058
2023-02-02 18:00:00,6,8.883881
2023-02-02 19:00:00,9,9.241941
2023-02-02 20:00:00,9,6.6861153
2023-02-02 21:00:00,6,5.1555657
2023-02-02 22:00:00,6,5.07186
2023-02-02 23:00:00,7,4.9130354
2023-02-03 00:00:00,5,5.160673
2023-02-03 01:00:00,6,4.549752
2023-02-03 02:00:00,6,4.865509
2023-02-03 03:00:00,5,5.541552
2023-02-03 04:00:00,5,5.183219
2023-02-03 05:00:00,5,6.090585
2023-02-03 06:00:00,5,5.499311
2023-02-03 07:00:00,6,5.6490855
2023-02-03 08:00:00,6,5.878667
2023-02-03 09:00:00,6,5.3694854
2023-02-03 10:00:00,6,5.522499
2023-02-03 11:00:00,5,5.39113
2023-02-03 12:00:00,5,5.4698377
2023-02-03 13:00:00,5,5.6755185
2023-02-03 14:00:00,5,5.910128
2023-02-03 15:00:00,5,6.8504467
2023-02-03 16:00:00,12,11.642056
2023-02-03 17:00:00,20,11.658305
2023-02-03 18:00:00,10,11.658305
2023-02-03 19:00:00,5,10.952439
2023-02-03 20:00:00,6,7.638257
2023-02-03 21:00:00,6,6.1477695
2023-02-03 22:00:00,5,6.09762
2023-02-03 23:00:00,6,5.302841
2023-02-04 00:00:00,5,4.594875
2023-02-04 01:00:00,5,4.6105375
2023-02-04 02:00:00,5,5.449887
2023-02-04 03:00:00,5,4.418298
2023-02-04 04:00:00,5,4.418298
2023-02-04 05:00:00,6,4.563626
2023-02-04 06:00:00,5,4.636765
2023-02-04 07:00:00,5,4.7567186
2023-02-04 08:00:00,6,4.8690376
2023-02-04 09:00:00,5,5.0197053
2023-02-04 10:00:00,6,5.2701545
2023-02-04 11:00:00,5,5.002419
2023-02-04 12:00:00,5,5.062489
2023-02-04 13:00:00,6,5.153427
2023-02-04 14:00:00,6,5.231665
2023-02-04 15:00:00,6,8.5063305
2023-02-04 16:00:00,10,11.443221
2023-02-04 17:00:00,15,12.261231
2023-02-04 18:00:00,13,12.290881
2023-02-04 19:00:00,5,10.53388
2023-02-04 20:00:00,6,7.4374456
2023-02-04 21:00:00,5,4.732929
2023-02-04 22:00:00,6,4.68278
2023-02-04 23:00:00,5,4.466209
2023-02-05 00:00:00,5,4.5926805
2023-02-05 01:00:00,5,5.043379
2023-02-05 02:00:00,5,4.805104
2023-02-05 03:00:00,5,4.8015265
2023-02-05 04:00:00,5,4.9152126
2023-02-05 05:00:00,5,5.068139
2023-02-05 06:00:00,5,5.195942
2023-02-05 07:00:00,5,5.2679152
2023-02-05 08:00:00,6,5.520687
2023-02-05 09:00:00,6,5.4904423
2023-02-05 10:00:00,6,5.038052
2023-02-05 11:00:00,6,5.344508
2023-02-05 12:00:00,5,4.7811317
2023-02-05 13:00:00,6,4.8132777
2023-02-05 14:00:00,5,4.6758986
2023-02-05 15:00:00,5,6.507692
2023-02-05 16:00:00,5,8.810512
2023-02-05 17:00:00,6,8.861545
2023-02-05 18:00:00,5,9.379916
2023-02-05 19:00:00,5,9.30414
2023-02-05 20:00:00,5,6.789125
2023-02-05 21:00:00,5,5.495116
2023-02-05 22:00:00,6,5.5448756
2023-02-05 23:00:00,4,5.1360087
2023-02-06 00:00:00,5,4.779397
2023-02-06 01:00:00,5,4.938041
2023-02-06 02:00:00,5,4.9124146
2023-02-06 03:00:00,4,4.6794443
2023-02-06 04:00:00,5,4.802983
2023-02-06 05:00:00,5,5.0457196
2023-02-06 06:00:00,5,5.1743474
2023-02-06 07:00:00,5,5.074553
2023-02-06 08:00:00,5,5.0455
2023-02-06 09:00:00,6,5.6619267
2023-02-06 10:00:00,5,5.5963244
2023-02-06 11:00:00,5,5.7500577
2023-02-06 12:00:00,5,5.8287654
2023-02-06 13:00:00,5,5.902372
2023-02-06 14:00:00,5,5.902372
2023-02-06 15:00:00,5,7.3170576
2023-02-06 16:00:00,5,10.511249
2023-02-06 17:00:00,5,10.373429
2023-02-06 18:00:00,5,10.41467
2023-02-06 19:00:00,6,9.689918
2023-02-06 20:00:00,5,7.0841875
2023-02-06 21:00:00,5,6.0302258
2023-02-06 22:00:00,5,4.4338098
2023-02-06 23:00:00,5,4.357841
2023-02-07 00:00:00,4,4.98094
2023-02-07 01:00:00,5,4.4689374
2023-02-07 02:00:00,5,4.4301105
2023-02-07 03:00:00,4,4.9385357
2023-02-07 04:00:00,5,4.426533
2023-02-07 05:00:00,5,4.5497503
2023-02-07 06:00:00,5,4.6544366
2023-02-07 07:00:00,6,4.5758867
2023-02-07 08:00:00,6,4.739441
2023-02-07 09:00:00,4,5.3827915
2023-02-07 10:00:00,5,5.6019554
2023-02-07 11:00:00,5,5.334041
2023-02-07 12:00:00,4,5.412749
2023-02-07 13:00:00,4,5.6774373
2023-02-07 14:00:00,4,5.4863553
2023-02-07 15:00:00,4,7.517807
2023-02-07 16:00:00,5,7.762805
2023-02-07 17:00:00,3,10.035351
2023-02-07 18:00:00,5,9.864874
2023-02-07 19:00:00,4,9.140123
2023-02-07 20:00:00,4,6.5515175
2023-02-07 21:00:00,4,5.613232
2023-02-07 22:00:00,3,5.2812605
2023-02-07 23:00:00,4,5.517419
2023-02-08 00:00:00,4,4.3849006
2023-02-08 01:00:00,4,4.3849006
2023-02-08 02:00:00,3,4.3460736
2023-02-08 03:00:00,4,4.3424964
2023-02-08 04:00:00,3,4.3424964
2023-02-08 05:00:00,5,4.4658656
2023-02-08 06:00:00,4,4.4960012
2023-02-08 07:00:00,3,4.6812367
2023-02-08 08:00:00,4,4.7635226
2023-02-08 09:00:00,5,5.4435906
2023-02-08 10:00:00,5,5.4435906
2023-02-08 11:00:00,4,5.3667583
2023-02-08 12:00:00,4,5.445467
2023-02-08 13:00:00,5,5.5190725
2023-02-08 14:00:00,4,5.544216
2023-02-08 15:00:00,4,7.605083
2023-02-08 16:00:00,5,9.981784
2023-02-08 17:00:00,4,9.904378
2023-02-08 18:00:00,8,10.054668
2023-02-08 19:00:00,7,9.23077
2023-02-08 20:00:00,5,6.6115284
2023-02-08 21:00:00,4,5.3696003
2023-02-08 22:00:00,4,5.324954
2023-02-08 23:00:00,4,5.1236167
2023-02-09 00:00:00,3,4.0687995
2023-02-09 01:00:00,4,4.0708456
2023-02-09 02:00:00,4,4.413256
2023-02-09 03:00:00,4,4.523034
2023-02-09 04:00:00,4,4.521415
2023-02-09 05:00:00,4,4.425884
2023-02-09 06:00:00,4,4.606159
2023-02-09 07:00:00,4,4.7719436
2023-02-09 08:00:00,4,4.757108
2023-02-09 09:00:00,5,4.9077764
2023-02-09 10:00:00,5,4.8442855
2023-02-09 11:00:00,6,5.3195906
2023-02-09 12:00:00,17,6.014589
2023-02-09 13:00:00,18,6.7599196
2023-02-09 14:00:00,19,5.4174957
2023-02-09 15:00:00,18,8.040776
2023-02-09 16:00:00,19,12.159303
2023-02-09 17:00:00,19,12.26555
2023-02-09 18:00:00,18,12.26555
2023-02-09 19:00:00,4,9.112463
2023-02-09 20:00:00,5,6.5310445
2023-02-09 21:00:00,5,5.0231166
2023-02-09 22:00:00,4,5.4737077
2023-02-09 23:00:00,4,5.0540056
2023-02-10 00:00:00,5,3.6129806
2023-02-10 01:00:00,4,3.9552593
2023-02-10 02:00:00,4,4.154457
2023-02-10 03:00:00,5,4.3153634
2023-02-10 04:00:00,4,4.3292775
2023-02-10 05:00:00,3,4.3972683
2023-02-10 06:00:00,5,4.541987
2023-02-10 07:00:00,5,4.6172695
2023-02-10 08:00:00,4,4.729545
2023-02-10 09:00:00,5,4.847119
2023-02-10 10:00:00,5,5.388761
2023-02-10 11:00:00,7,4.7536087
2023-02-10 12:00:00,12,5.6093388
2023-02-10 13:00:00,8,5.7827697
2023-02-10 14:00:00,4,4.5909643
2023-02-10 15:00:00,4,7.347452
2023-02-10 16:00:00,4,9.207145
2023-02-10 17:00:00,4,9.809114
2023-02-10 18:00:00,6,9.238666
2023-02-10 19:00:00,12,9.078079
2023-02-10 20:00:00,4,6.344777
2023-02-10 21:00:00,4,4.8057723
2023-02-10 22:00:00,5,4.8591547
2023-02-10 23:00:00,4,4.5085125
2023-02-11 00:00:00,3,4.555832
2023-02-11 01:00:00,4,4.391507
2023-02-11 02:00:00,4,4.277363
2023-02-11 03:00:00,4,4.300587
2023-02-11 04:00:00,3,4.3472786
2023-02-11 05:00:00,4,4.4188547
2023-02-11 06:00:00,4,4.679741
2023-02-11 07:00:00,4,4.748017
2023-02-11 08:00:00,4,4.7800775
2023-02-11 09:00:00,5,5.467151
2023-02-11 10:00:00,4,5.400643
2023-02-11 11:00:00,4,5.3505883
2023-02-11 12:00:00,5,5.0127583
2023-02-11 13:00:00,17,5.2218685
2023-02-11 14:00:00,20,6.7518477
2023-02-11 15:00:00,19,9.750631
2023-02-11 16:00:00,19,11.3739605
2023-02-11 17:00:00,19,11.3739605
2023-02-11 18:00:00,13,12.291611
2023-02-11 19:00:00,6,9.958882
2023-02-11 20:00:00,6,6.89263
2023-02-11 21:00:00,5,5.361549
2023-02-11 22:00:00,5,5.3113995
2023-02-11 23:00:00,5,5.1401505
2023-02-12 00:00:00,5,3.8758407
2023-02-12 01:00:00,4,3.984372
2023-02-12 02:00:00,5,4.183884
2023-02-12 03:00:00,5,4.687878
2023-02-12 04:00:00,5,4.600582
2023-02-12 05:00:00,5,4.751557
2023-02-12 06:00:00,5,4.8806973
2023-02-12 07:00:00,5,4.972875
2023-02-12 08:00:00,6,4.968431
2023-02-12 09:00:00,7,5.234809
2023-02-12 10:00:00,6,5.5702453
2023-02-12 11:00:00,6,4.8560643
2023-02-12 12:00:00,5,5.501804
2023-02-12 13:00:00,5,5.570385
2023-02-12 14:00:00,5,4.9657445
2023-02-12 15:00:00,13,8.532759
2023-02-12 16:00:00,16,10.857459
2023-02-12 17:00:00,17,10.737428
2023-02-12 18:00:00,9,10.737428
2023-02-12 19:00:00,5,10.094227
2023-02-12 20:00:00,5,6.914936
2023-02-12 21:00:00,6,5.4056726
2023-02-12 22:00:00,5,5.319997
2023-02-12 23:00:00,4,5.089911
2023-02-13 00:00:00,5,4.6341653
2023-02-13 01:00:00,4,4.379331
2023-02-13 02:00:00,5,4.819551
2023-02-13 03:00:00,4,4.5361886
2023-02-13 04:00:00,5,4.8249297
2023-02-13 05:00:00,4,4.890297
2023-02-13 06:00:00,5,5.150652
2023-02-13 07:00:00,5,4.9859886
2023-02-13 09:00:00,5,4.9913325
2023-02-13 10:00:00,5,5.0747566
2023-02-13 11:00:00,6,4.8828173
2023-02-13 12:00:00,5,5.1363993
2023-02-13 13:00:00,6,5.711358
2023-02-13 14:00:00,5,5.4943786
2023-02-13 15:00:00,5,8.707124
2023-02-13 16:00:00,5,10.279114
2023-02-13 17:00:00,9,11.180858
2023-02-13 18:00:00,21,12.049978
2023-02-13 19:00:00,21,11.094047
2023-02-13 20:00:00,11,7.019637
2023-02-13 21:00:00,7,5.519217
2023-02-13 22:00:00,6,5.0342393
2023-02-13 23:00:00,6,4.822964
2023-02-14 00:00:00,6,4.7193427
2023-02-14 01:00:00,6,4.8115335
2023-02-14 02:00:00,6,5.1760116
2023-02-14 03:00:00,6,5.2063966
2023-02-14 04:00:00,6,5.2589655
2023-02-14 05:00:00,7,4.966638
2023-02-14 06:00:00,6,4.8906684
2023-02-14 07:00:00,6,5.1928954
2023-02-14 08:00:00,7,5.169647
2023-02-14 09:00:00,7,5.217044
2023-02-14 10:00:00,6,5.2801514
2023-02-14 11:00:00,8,5.136337
2023-02-14 12:00:00,8,6.2428603
2023-02-14 13:00:00,7,6.074328
2023-02-14 14:00:00,7,5.6783304
2023-02-14 15:00:00,6,7.651285
2023-02-14 16:00:00,6,10.192344
2023-02-14 17:00:00,5,11.318212
2023-02-14 18:00:00,9,11.437818
2023-02-14 19:00:00,8,9.6436205
2023-02-14 20:00:00,5,6.905529
2023-02-14 21:00:00,6,5.463626
2023-02-14 22:00:00,5,5.5452466
2023-02-14 23:00:00,5,5.8119965
2023-02-15 00:00:00,5,4.567224
2023-02-15 01:00:00,5,4.571912
2023-02-15 02:00:00,5,4.7533445
2023-02-15 03:00:00,5,4.7497673
2023-02-15 04:00:00,5,4.7497673
2023-02-15 05:00:00,5,4.677599
2023-02-15 06:00:00,6,4.87709
2023-02-15 07:00:00,6,4.9616256
2023-02-15 08:00:00,6,5.099597
2023-02-15 09:00:00,5,5.7734194
2023-02-15 10:00:00,6,5.7734194
2023-02-15 11:00:00,11,5.512516
2023-02-15 12:00:00,12,5.821492
2023-02-15 13:00:00,8,5.8722935
2023-02-15 14:00:00,6,5.8722935
2023-02-15 15:00:00,6,7.8058496
2023-02-15 16:00:00,5,10.384049
2023-02-15 17:00:00,13,10.4854555
2023-02-15 18:00:00,14,10.4854555
2023-02-15 19:00:00,12,9.386583
2023-02-15 20:00:00,5,6.8292384
2023-02-15 21:00:00,6,5.574516
2023-02-15 22:00:00,5,5.5298696
2023-02-15 23:00:00,5,5.328532
2023-02-16 00:00:00,5,4.0864105
2023-02-16 01:00:00,5,4.097263
2023-02-16 02:00:00,5,4.2734795
2023-02-16 03:00:00,5,4.27524
2023-02-16 04:00:00,6,4.269902
2023-02-16 05:00:00,5,4.460232
2023-02-16 06:00:00,5,4.4041433
2023-02-16 07:00:00,5,4.5639725
2023-02-16 08:00:00,6,4.620752
2023-02-16 09:00:00,6,5.30082
2023-02-16 10:00:00,5,5.30082
2023-02-16 11:00:00,8,5.231914
2023-02-16 12:00:00,5,5.3106227
2023-02-16 13:00:00,5,5.461614
2023-02-16 14:00:00,5,5.461614
2023-02-16 15:00:00,5,7.7709537
2023-02-16 16:00:00,4,9.926525
2023-02-16 17:00:00,5,10.030405
2023-02-16 18:00:00,10,10.086975
2023-02-16 19:00:00,12,9.269638
2023-02-16 20:00:00,7,6.6283145
2023-02-16 21:00:00,4,5.3218203
2023-02-16 22:00:00,4,5.2381144
2023-02-16 23:00:00,4,5.0633664
2023-02-17 00:00:00,4,3.823634
2023-02-17 01:00:00,5,3.8512018
2023-02-17 02:00:00,4,4.5668054
2023-02-17 03:00:00,4,4.563228
2023-02-17 04:00:00,4,4.563228
2023-02-17 05:00:00,4,3.940024
2023-02-17 06:00:00,4,4.1346025
2023-02-17 07:00:00,5,4.300387
2023-02-17 08:00:00,4,4.3482866
2023-02-17 09:00:00,5,5.0283546
2023-02-17 10:00:00,5,5.160079
2023-02-17 11:00:00,6,5.1258497
2023-02-17 12:00:00,5,5.2971716
2023-02-17 13:00:00,4,5.541963
2023-02-17 14:00:00,5,5.541963
2023-02-17 15:00:00,5,7.795591
2023-02-17 16:00:00,5,9.763581
2023-02-17 17:00:00,5,9.838984
2023-02-17 18:00:00,5,11.700907
2023-02-17 19:00:00,11,10.248411
2023-02-17 20:00:00,11,7.035996
2023-02-17 21:00:00,8,5.5317707
2023-02-17 22:00:00,5,5.729036
2023-02-17 23:00:00,4,5.4823885
2023-02-18 00:00:00,5,4.4391456
2023-02-18 01:00:00,4,4.482652
2023-02-18 02:00:00,4,4.592378
2023-02-18 03:00:00,4,4.6583347
2023-02-18 04:00:00,5,4.6149573
2023-02-18 05:00:00,4,4.7029324
2023-02-18 06:00:00,4,4.783694
2023-02-18 07:00:00,4,5.0766044
2023-02-18 08:00:00,5,5.108665
2023-02-18 09:00:00,5,5.783857
2023-02-18 10:00:00,6,5.783857
2023-02-18 11:00:00,5,5.714485
2023-02-18 12:00:00,5,5.8578615
2023-02-18 13:00:00,5,5.863866
2023-02-18 14:00:00,6,5.863866
2023-02-18 15:00:00,5,7.28924
2023-02-18 16:00:00,6,8.148954
2023-02-18 17:00:00,6,8.148954
2023-02-18 18:00:00,6,8.148954
2023-02-18 19:00:00,5,9.008146
2023-02-18 20:00:00,5,6.471739
2023-02-18 21:00:00,5,5.4402676
2023-02-18 22:00:00,4,5.144733
2023-02-18 23:00:00,4,5.0495553
2023-02-19 00:00:00,5,4.5364223
2023-02-19 01:00:00,4,4.496114
2023-02-19 02:00:00,5,4.84227
2023-02-19 03:00:00,4,4.8386927
2023-02-19 04:00:00,4,4.673956
2023-02-19 05:00:00,5,4.764849
2023-02-19 06:00:00,4,4.838268
2023-02-19 07:00:00,5,4.9135504
2023-02-19 08:00:00,5,4.945611
2023-02-19 09:00:00,5,5.6931267
2023-02-19 10:00:00,5,5.6931267
2023-02-19 11:00:00,5,5.623755
2023-02-19 12:00:00,5,5.691657
2023-02-19 13:00:00,5,5.76805
2023-02-19 14:00:00,5,5.6771564
2023-02-19 15:00:00,13,7.899043
2023-02-19 16:00:00,16,10.390284
2023-02-19 17:00:00,16,10.429311
2023-02-19 18:00:00,16,10.3573885
2023-02-19 19:00:00,12,9.853614
2023-02-19 20:00:00,5,6.8798757
2023-02-19 21:00:00,6,5.640393
2023-02-19 22:00:00,4,6.3292117
2023-02-19 23:00:00,5,6.2547383
2023-02-20 00:00:00,5,5.143694
2023-02-20 01:00:00,5,5.169891
2023-02-20 02:00:00,5,4.9402323
2023-02-20 03:00:00,5,5.346846
2023-02-20 04:00:00,5,5.346846
2023-02-20 05:00:00,4,4.7035356
2023-02-20 06:00:00,6,5.5359187
2023-02-20 07:00:00,5,5.6791024
2023-02-20 08:00:00,5,5.7872887
2023-02-20 09:00:00,7,5.9190907
2023-02-20 10:00:00,9,6.431012
2023-02-20 11:00:00,7,5.297539
2023-02-20 12:00:00,6,5.8999934
2023-02-20 13:00:00,5,6.1493807
2023-02-20 14:00:00,5,6.1735415
2023-02-20 15:00:00,5,7.9906044
2023-02-20 16:00:00,6,9.039655
2023-02-20 17:00:00,5,8.244485
2023-02-20 18:00:00,6,8.161029
2023-02-20 19:00:00,6,9.173298
2023-02-20 20:00:00,6,6.4748116
2023-02-20 21:00:00,6,5.11093
2023-02-20 22:00:00,5,6.01647
2023-02-20 23:00:00,6,6.108228
2023-02-21 00:00:00,5,4.4910984
2023-02-21 01:00:00,6,4.739444
2023-02-21 02:00:00,5,5.3153787
2023-02-21 03:00:00,5,5.3118014
2023-02-21 04:00:00,5,4.4519677
2023-02-21 05:00:00,5,4.5318155
2023-02-21 06:00:00,5,4.676667
2023-02-21 07:00:00,4,4.714538
2023-02-21 08:00:00,6,4.540814
2023-02-21 09:00:00,5,4.841004
2023-02-21 10:00:00,5,4.7757344
2023-02-21 11:00:00,4,4.8651724
2023-02-21 12:00:00,4,4.387642
2023-02-21 13:00:00,5,4.8382707
2023-02-21 14:00:00,5,4.742026
2023-02-21 15:00:00,6,5.3367577
2023-02-21 16:00:00,5,7.3240137
2023-02-21 17:00:00,7,7.419827
2023-02-21 18:00:00,19,7.864128
2023-02-21 19:00:00,20,6.853208
2023-02-21 20:00:00,7,5.1732116
2023-02-21 21:00:00,6,4.3941417
2023-02-21 22:00:00,5,4.637556
2023-02-21 23:00:00,6,4.485174
2023-02-22 00:00:00,5,3.7876842
2023-02-22 01:00:00,5,3.7876842
2023-02-22 02:00:00,5,3.9827955
2023-02-22 03:00:00,4,4.0170684
2023-02-22 04:00:00,5,4.0388513
2023-02-22 05:00:00,4,4.396957
2023-02-22 06:00:00,4,4.5807824
2023-02-22 07:00:00,5,4.707226
2023-02-22 08:00:00,5,4.744579
2023-02-22 09:00:00,5,4.9496417
2023-02-22 10:00:00,4,4.945844
2023-02-22 11:00:00,5,4.6526384
2023-02-22 12:00:00,5,4.731346
2023-02-22 13:00:00,4,4.836919
2023-02-22 14:00:00,5,4.836919
2023-02-22 15:00:00,4,5.143655
2023-02-22 16:00:00,5,7.321598
2023-02-22 17:00:00,5,8.271144
2023-02-22 18:00:00,5,7.602174
2023-02-22 19:00:00,5,5.9153504
2023-02-22 20:00:00,4,5.3042827
2023-02-22 21:00:00,7,5.424385
2023-02-22 22:00:00,5,4.7629986
2023-02-22 23:00:00,5,4.578293
2023-02-23 00:00:00,4,4.287649
2023-02-23 01:00:00,4,4.2320657
2023-02-23 02:00:00,5,4.4174514
2023-02-23 03:00:00,4,4.532471
2023-02-23 04:00:00,5,4.5386305
2023-02-23 05:00:00,5,4.643706
2023-02-23 06:00:00,6,4.7713203
2023-02-23 07:00:00,6,4.6801023
2023-02-23 08:00:00,6,4.7497797
2023-02-23 09:00:00,6,4.856736
2023-02-23 10:00:00,5,4.80892
2023-02-23 11:00:00,5,4.514927
2023-02-23 12:00:00,5,4.5477057
2023-02-23 13:00:00,5,4.903684
2023-02-23 14:00:00,6,4.7516937
2023-02-23 15:00:00,6,8.250668
2023-02-23 16:00:00,6,11.687623
2023-02-23 17:00:00,6,11.721163
2023-02-23 18:00:00,5,11.554943
2023-02-23 19:00:00,6,8.988541
2023-02-23 20:00:00,6,6.290613
2023-02-23 21:00:00,5,5.0817976
2023-02-23 22:00:00,5,5.032545
2023-02-23 23:00:00,5,4.9590335
2023-02-24 00:00:00,5,4.1316023
2023-02-24 01:00:00,4,4.1833253
2023-02-24 02:00:00,5,4.34376
2023-02-24 03:00:00,4,4.421942
2023-02-24 04:00:00,5,4.421942
2023-02-24 05:00:00,4,4.523571
2023-02-24 06:00:00,5,5.1833453
2023-02-24 07:00:00,5,5.258628
2023-02-24 08:00:00,5,5.2906885
2023-02-24 09:00:00,5,5.9707556
2023-02-24 10:00:00,5,5.466411
2023-02-24 11:00:00,5,5.3257174
2023-02-24 12:00:00,6,5.454122
2023-02-24 13:00:00,4,5.7557073
2023-02-24 14:00:00,4,5.7557073
2023-02-24 15:00:00,4,8.273393
2023-02-24 16:00:00,4,10.119189
2023-02-24 17:00:00,4,10.198491
2023-02-24 18:00:00,5,10.141707
2023-02-24 19:00:00,4,9.822674
2023-02-24 20:00:00,5,6.811485
2023-02-24 21:00:00,5,5.4262686
2023-02-24 22:00:00,4,5.3936577
2023-02-24 23:00:00,4,5.232038
2023-02-25 00:00:00,4,4.271526
2023-02-25 01:00:00,4,4.2777715
2023-02-25 02:00:00,4,4.438206
2023-02-25 03:00:00,4,4.564113
2023-02-25 04:00:00,4,4.564113
2023-02-25 05:00:00,4,4.605191
2023-02-25 06:00:00,4,5.176465
2023-02-25 07:00:00,5,4.893728
2023-02-25 08:00:00,4,4.8130503
2023-02-25 09:00:00,5,6.0144935
2023-02-25 10:00:00,4,5.3716474
2023-02-25 11:00:00,5,5.205136
2023-02-25 12:00:00,4,4.6558976
2023-02-25 13:00:00,5,5.1478324
2023-02-25 14:00:00,4,5.1150885
2023-02-25 15:00:00,5,7.7269964
2023-02-25 16:00:00,16,12.719068
2023-02-25 17:00:00,19,12.25116
2023-02-25 18:00:00,20,12.37607
2023-02-25 19:00:00,19,12.092796
2023-02-25 20:00:00,18,9.476211
2023-02-25 21:00:00,6,6.6352916
2023-02-25 22:00:00,5,5.7488217
2023-02-25 23:00:00,4,5.5839815
2023-02-26 00:00:00,4,3.944669
2023-02-26 01:00:00,4,3.7804909
2023-02-26 02:00:00,4,4.0335555
2023-02-26 03:00:00,4,4.1916566
2023-02-26 04:00:00,4,4.429139
2023-02-26 05:00:00,4,4.535422
2023-02-26 06:00:00,4,4.6765394
2023-02-26 07:00:00,4,4.483511
2023-02-26 08:00:00,5,4.4771714
2023-02-26 09:00:00,4,4.6578116
2023-02-26 10:00:00,5,4.7431493
2023-02-26 11:00:00,4,4.5289164
2023-02-26 12:00:00,4,4.669001
2023-02-26 13:00:00,4,5.6773324
2023-02-26 14:00:00,5,4.667241
2023-02-26 15:00:00,4,8.081212
2023-02-26 16:00:00,5,8.038323
2023-02-26 17:00:00,4,9.676389
2023-02-26 18:00:00,4,9.676389
2023-02-26 19:00:00,5,10.220751
2023-02-26 20:00:00,5,5.2979937
2023-02-26 21:00:00,4,4.481561
2023-02-26 22:00:00,5,4.1865234
2023-02-26 23:00:00,4,3.907162
2023-02-27 00:00:00,4,4.006265
2023-02-27 01:00:00,4,4.327097
2023-02-27 02:00:00,4,4.5124826
2023-02-27 03:00:00,5,4.818865
2023-02-27 04:00:00,4,4.560724
2023-02-27 05:00:00,4,4.735235
2023-02-27 06:00:00,5,4.880041
2023-02-27 07:00:00,5,4.8990498
2023-02-27 08:00:00,5,5.0061283
2023-02-27 09:00:00,4,5.1565723
2023-02-27 10:00:00,4,4.989807
2023-02-27 11:00:00,5,5.6406026
2023-02-27 12:00:00,4,5.1370416
2023-02-27 13:00:00,5,5.1430993
2023-02-27 14:00:00,5,4.909453
2023-02-27 15:00:00,5,7.1595693
2023-02-27 16:00:00,7,10.641257
2023-02-27 17:00:00,7,10.641257
2023-02-27 18:00:00,6,10.864059
2023-02-27 19:00:00,5,9.500522
2023-02-27 20:00:00,5,7.002582
2023-02-27 21:00:00,5,5.6762447
2023-02-27 22:00:00,5,5.7323246
2023-02-27 23:00:00,5,5.6149445
2023-02-28 00:00:00,5,4.4043636
2023-02-28 01:00:00,4,4.506778
2023-02-28 02:00:00,5,4.7131586
2023-02-28 03:00:00,4,4.7095814
2023-02-28 04:00:00,5,4.6816115
2023-02-28 05:00:00,5,4.70824
2023-02-28 06:00:00,6,4.8751693
2023-02-28 07:00:00,6,4.891623
2023-02-28 08:00:00,6,4.956162
2023-02-28 09:00:00,6,5.0037417
2023-02-28 10:00:00,6,4.9154954
2023-02-28 11:00:00,4,4.884312
2023-02-28 12:00:00,5,5.7582555
2023-02-28 13:00:00,5,5.795777
2023-02-28 14:00:00,5,5.5804477
2023-02-28 15:00:00,4,8.389641
2023-02-28 16:00:00,5,10.732404
2023-02-28 17:00:00,5,10.134891
2023-02-28 18:00:00,5,10.732404
2023-02-28 19:00:00,5,9.790239
2023-02-28 20:00:00,5,6.603401
2023-02-28 21:00:00,5,5.1029806
2023-02-28 22:00:00,4,4.962328
2023-02-28 23:00:00,5,5.0656466
2023-03-01 00:00:00,4,4.1842136
2023-03-01 01:00:00,5,4.1842136
2023-03-01 02:00:00,4,4.411834
2023-03-01 03:00:00,5,4.4082565
2023-03-01 04:00:00,5,4.4082565
2023-03-01 05:00:00,4,4.3104773
2023-03-01 06:00:00,5,4.381528
2023-03-01 07:00:00,5,4.394947
2023-03-01 08:00:00,5,4.322851
2023-03-01 09:00:00,5,4.333961
2023-03-01 10:00:00,4,4.333961
2023-03-01 11:00:00,4,4.405505
2023-03-01 12:00:00,4,4.0405555
2023-03-01 13:00:00,4,4.0878534
2023-03-01 14:00:00,4,4.13959
2023-03-01 15:00:00,5,4.700773
2023-03-01 16:00:00,15,6.621513
2023-03-01 17:00:00,18,5.739511
2023-03-01 18:00:00,17,6.645222
2023-03-01 19:00:00,18,5.4857183
2023-03-01 20:00:00,8,4.4303493
2023-03-01 21:00:00,4,4.0537224
2023-03-01 22:00:00,4,4.235892
2023-03-01 23:00:00,4,3.9201796
2023-03-02 00:00:00,4,3.8154066
2023-03-02 01:00:00,3,3.6222732
2023-03-02 02:00:00,4,3.7546148
2023-03-02 03:00:00,4,3.7685618
2023-03-02 04:00:00,4,3.7685618
2023-03-02 05:00:00,4,3.9282455
2023-03-02 06:00:00,4,4.031972
2023-03-02 07:00:00,4,4.036575
2023-03-02 08:00:00,5,4.0529575
2023-03-02 09:00:00,4,4.0578327
2023-03-02 10:00:00,4,4.0248346
2023-03-02 11:00:00,5,3.8850799
2023-03-02 12:00:00,16,3.919123
2023-03-02 13:00:00,17,5.723737
2023-03-02 14:00:00,17,6.010396
2023-03-02 15:00:00,6,4.567325
2023-03-02 16:00:00,5,5.1944375
2023-03-02 17:00:00,3,5.1659017
2023-03-02 18:00:00,5,5.191541
2023-03-02 19:00:00,4,4.3178277
2023-03-02 20:00:00,5,4.13446
2023-03-02 21:00:00,4,3.6271427
2023-03-02 22:00:00,4,3.5706923
2023-03-02 23:00:00,4,3.4960139
2023-03-03 00:00:00,4,3.6545334
2023-03-03 01:00:00,4,3.6080449
2023-03-03 02:00:00,4,3.8821537
2023-03-03 03:00:00,4,3.8785765
2023-03-03 04:00:00,3,3.7990656
2023-03-03 05:00:00,5,3.7336
2023-03-03 06:00:00,4,3.9474802
2023-03-03 07:00:00,4,3.9744484
2023-03-03 08:00:00,4,3.806045
2023-03-03 09:00:00,5,3.8109205
2023-03-03 10:00:00,5,3.8109205
2023-03-03 11:00:00,5,3.6126926
2023-03-03 12:00:00,4,3.6719604
2023-03-03 13:00:00,4,4.134656
2023-03-03 14:00:00,4,3.631217
2023-03-03 15:00:00,4,3.9767146
2023-03-03 16:00:00,5,6.2722225
2023-03-03 17:00:00,4,6.0905294
2023-03-03 18:00:00,4,5.4455004
2023-03-03 19:00:00,4,4.089188
2023-03-03 20:00:00,4,4.077923
2023-03-03 21:00:00,5,3.9223928
2023-03-03 22:00:00,4,4.0752254
2023-03-03 23:00:00,3,3.9746292
2023-03-04 00:00:00,4,3.514694
2023-03-04 01:00:00,3,3.605367
2023-03-04 02:00:00,4,3.7413306
2023-03-04 03:00:00,3,3.7377534
2023-03-04 04:00:00,4,3.7377534
2023-03-04 05:00:00,3,3.8484848
2023-03-04 06:00:00,4,4.0057425
2023-03-04 07:00:00,5,4.155808
2023-03-04 08:00:00,4,4.0743136
2023-03-04 09:00:00,4,3.9348516
2023-03-04 10:00:00,4,3.8605125
2023-03-04 11:00:00,4,3.6870253
2023-03-04 12:00:00,4,3.6262498
2023-03-04 13:00:00,4,3.8096693
2023-03-04 14:00:00,4,3.7458835
2023-03-04 15:00:00,4,3.9902904
2023-03-04 16:00:00,5,4.777142
2023-03-04 17:00:00,4,4.9227357
2023-03-04 18:00:00,4,4.4888124
2023-03-04 19:00:00,4,4.118775
2023-03-04 20:00:00,4,4.0284944
2023-03-04 21:00:00,4,4.0301957
2023-03-04 22:00:00,5,3.997584
2023-03-04 23:00:00,4,3.9624255
2023-03-05 00:00:00,3,3.4831502
2023-03-05 01:00:00,4,3.6817424
2023-03-05 02:00:00,4,3.858495
2023-03-05 03:00:00,3,3.8549178
2023-03-05 04:00:00,4,3.8850713
2023-03-05 05:00:00,4,3.9489057
2023-03-05 06:00:00,3,4.0508265
2023-03-05 07:00:00,4,4.077795
2023-03-05 08:00:00,4,3.8310096
2023-03-05 09:00:00,4,3.835885
2023-03-05 10:00:00,4,3.7583513
2023-03-05 11:00:00,4,3.5130076
2023-03-05 12:00:00,4,3.6869838
2023-03-05 13:00:00,4,3.7172077
2023-03-05 14:00:00,4,3.6726336
2023-03-05 15:00:00,6,3.93256
2023-03-05 16:00:00,5,4.6739035
2023-03-05 17:00:00,5,4.6833553
2023-03-05 18:00:00,5,4.46272
2023-03-05 19:00:00,5,3.9729009
2023-03-05 20:00:00,5,3.8091865
2023-03-05 21:00:00,5,3.5159006
2023-03-05 22:00:00,5,3.4477632
2023-03-05 23:00:00,5,3.5468595
2023-03-06 00:00:00,4,3.156308
2023-03-06 01:00:00,5,3.4518847
2023-03-06 02:00:00,4,3.856227
2023-03-06 03:00:00,5,3.855413
2023-03-06 04:00:00,4,3.855413
2023-03-06 05:00:00,5,3.6930084
2023-03-06 06:00:00,5,3.6867843
2023-03-06 07:00:00,6,3.7362363
2023-03-06 08:00:00,5,3.6704311
2023-03-06 09:00:00,5,3.5748372
2023-03-06 10:00:00,4,3.4791303
2023-03-06 11:00:00,4,3.2198184
2023-03-06 12:00:00,4,3.4093719
2023-03-06 13:00:00,6,3.5227063
2023-03-06 14:00:00,15,3.5227063
2023-03-06 15:00:00,17,3.8348901
2023-03-06 16:00:00,14,4.708583
2023-03-06 17:00:00,4,4.3851233
2023-03-06 18:00:00,4,4.3283386
2023-03-06 19:00:00,4,3.6416886
2023-03-06 20:00:00,5,3.5655665
2023-03-06 21:00:00,4,3.3363922
2023-03-06 22:00:00,4,3.3491871
2023-03-06 23:00:00,4,3.4321306
2023-03-07 00:00:00,4,3.481699
2023-03-07 01:00:00,3,3.511299
2023-03-07 02:00:00,4,3.6574438
2023-03-07 03:00:00,4,3.7154708
2023-03-07 04:00:00,3,3.7154708
2023-03-07 05:00:00,5,3.8660827
2023-03-07 06:00:00,4,3.9828062
2023-03-07 07:00:00,5,4.4346004
2023-03-07 08:00:00,5,3.861374
2023-03-07 09:00:00,5,3.8662493
2023-03-07 10:00:00,5,3.7046514
2023-03-07 11:00:00,4,3.5378246
2023-03-07 12:00:00,5,3.4424305
2023-03-07 13:00:00,5,3.5271785
2023-03-07 14:00:00,4,3.5758476
2023-03-07 15:00:00,5,3.835774
2023-03-07 16:00:00,5,4.4591074
2023-03-07 17:00:00,6,4.46856
2023-03-07 18:00:00,7,4.7029834
2023-03-07 19:00:00,8,4.0163336
2023-03-07 20:00:00,6,3.9717348
2023-03-07 21:00:00,5,3.6967845
2023-03-07 22:00:00,4,3.4668744
2023-03-07 23:00:00,5,3.5333827
2023-03-08 00:00:00,4,3.6403008
2023-03-08 01:00:00,5,3.1554677
2023-03-08 02:00:00,4,3.218599
2023-03-08 03:00:00,5,3.1612842
2023-03-08 04:00:00,4,3.2533197
2023-03-08 05:00:00,4,3.3843951
2023-03-08 06:00:00,5,3.5978277
2023-03-08 07:00:00,4,3.5614576
2023-03-08 08:00:00,4,3.3492599
2023-03-08 09:00:00,3,3.3492599
2023-03-08 10:00:00,5,3.4359558
2023-03-08 11:00:00,4,3.1794071
2023-03-08 12:00:00,5,3.0691323
2023-03-08 13:00:00,4,3.1835613
2023-03-08 14:00:00,5,3.2406406
2023-03-08 15:00:00,5,3.19297
2023-03-08 16:00:00,5,2.9060252
2023-03-08 17:00:00,4,3.0270524
2023-03-08 18:00:00,8,3.1271343
2023-03-08 19:00:00,5,3.28748
2023-03-08 20:00:00,4,3.110557
2023-03-08 21:00:00,5,3.3186185
2023-03-08 22:00:00,4,3.2962067
2023-03-08 23:00:00,5,3.3319187
2023-03-09 00:00:00,4,3.684227
2023-03-09 01:00:00,4,3.684227
2023-03-09 02:00:00,4,3.5379753
2023-03-09 03:00:00,4,3.547396
2023-03-09 04:00:00,4,3.5004215
2023-03-09 05:00:00,4,3.6537855
2023-03-09 06:00:00,4,3.6337457
2023-03-09 07:00:00,5,3.4591746
2023-03-09 08:00:00,4,3.6050694
2023-03-09 09:00:00,4,3.13408
2023-03-09 10:00:00,4,2.852688
2023-03-09 11:00:00,5,2.8187864
2023-03-09 12:00:00,4,2.6523526
2023-03-09 13:00:00,5,3.202254
2023-03-09 14:00:00,4,3.3001974
2023-03-09 15:00:00,5,3.4718933
2023-03-09 16:00:00,4,11.588296
2023-03-09 17:00:00,7,6.050667
2023-03-09 18:00:00,12,6.1101294
2023-03-09 19:00:00,14,5.0519056
2023-03-09 20:00:00,10,4.94299
2023-03-09 21:00:00,4,4.361014
2023-03-09 22:00:00,5,4.169537
2023-03-09 23:00:00,4,3.4591527
2023-03-10 00:00:00,4,3.3853564
2023-03-10 01:00:00,4,3.3853564
2023-03-10 02:00:00,4,3.86981
2023-03-10 03:00:00,4,3.7755387
2023-03-10 04:00:00,4,3.7755387
2023-03-10 05:00:00,4,4.090211
2023-03-10 06:00:00,5,4.361966
2023-03-10 07:00:00,4,4.4120746
2023-03-10 08:00:00,5,4.1502833
2023-03-10 09:00:00,4,3.762978
2023-03-10 10:00:00,4,3.8103116
2023-03-10 11:00:00,5,3.592933
2023-03-10 12:00:00,4,3.5756643
2023-03-10 13:00:00,5,4.1819468
2023-03-10 14:00:00,4,3.9877594
2023-03-10 15:00:00,3,4.322937
2023-03-10 16:00:00,3,4.969589
2023-03-10 17:00:00,2,5.0273476
2023-03-10 18:00:00,3,4.6743
2023-03-10 19:00:00,4,3.68349
2023-03-10 20:00:00,2,3.1202884
2023-03-10 21:00:00,3,2.6580172
2023-03-10 22:00:00,3,2.6517034
2023-03-10 23:00:00,3,2.8293788
2023-03-11 00:00:00,2,2.289932
2023-03-11 01:00:00,3,2.289932
2023-03-11 02:00:00,2,2.4617488
2023-03-11 03:00:00,3,2.4581716
2023-03-11 04:00:00,2,2.3488483
2023-03-11 05:00:00,3,2.6327868
2023-03-11 06:00:00,2,2.5891051
2023-03-11 07:00:00,3,2.8107934
2023-03-11 08:00:00,2,2.9883327
2023-03-11 09:00:00,3,3.1440365
2023-03-11 10:00:00,3,3.801988
2023-03-11 11:00:00,3,3.5729227
2023-03-11 12:00:00,3,3.3414366
2023-03-11 13:00:00,2,3.4344578
2023-03-11 14:00:00,3,3.3470721
2023-03-11 15:00:00,3,3.6788626
2023-03-11 16:00:00,5,4.472933
2023-03-11 17:00:00,3,4.270175
2023-03-11 18:00:00,4,3.788553
2023-03-11 19:00:00,3,3.816682
2023-03-11 20:00:00,4,3.9491577
2023-03-11 21:00:00,4,3.7199833
2023-03-11 22:00:00,4,3.5818756
2023-03-11 23:00:00,3,3.4816976
2023-03-12 00:00:00,4,3.7859986
2023-03-12 01:00:00,3,3.6962984
2023-03-12 02:00:00,4,3.887497
2023-03-12 03:00:00,3,3.8839197
2023-03-12 04:00:00,3,3.8746147
2023-03-12 05:00:00,4,3.980401
2023-03-12 06:00:00,3,3.7802029
2023-03-12 07:00:00,4,3.8844912
2023-03-12 08:00:00,4,3.8006644
2023-03-12 09:00:00,4,3.838059
2023-03-12 10:00:00,3,3.7264628
2023-03-12 11:00:00,2,3.352174
2023-03-12 12:00:00,3,3.477778
2023-03-12 13:00:00,3,4.1903777
2023-03-12 14:00:00,3,4.0832458
2023-03-12 15:00:00,3,4.0275292
2023-03-12 16:00:00,3,4.7250915
2023-03-12 17:00:00,3,4.343536
2023-03-12 18:00:00,3,4.318421
2023-03-12 19:00:00,3,4.42421
2023-03-12 20:00:00,3,4.551931
2023-03-12 21:00:00,4,4.270676
2023-03-12 22:00:00,2,4.2184644
2023-03-12 23:00:00,3,3.809296
2023-03-13 00:00:00,3,3.6407042
2023-03-13 01:00:00,2,3.255199
2023-03-13 02:00:00,3,3.4536636
2023-03-13 03:00:00,2,3.479242
2023-03-13 04:00:00,3,3.4539347
2023-03-13 05:00:00,3,3.6831627
2023-03-13 06:00:00,3,3.8268433
2023-03-13 07:00:00,3,3.6503358
2023-03-13 08:00:00,3,3.262276
2023-03-13 09:00:00,3,3.4390912
2023-03-13 10:00:00,3,3.3704948
2023-03-13 11:00:00,3,3.6368196
2023-03-13 12:00:00,3,3.565882
2023-03-13 13:00:00,3,3.6356413
2023-03-13 14:00:00,2,3.8102512
2023-03-13 15:00:00,3,3.9739828
2023-03-13 16:00:00,4,5.589071
2023-03-13 17:00:00,10,4.8335156
2023-03-13 18:00:00,13,4.970444
2023-03-13 19:00:00,9,4.011803
2023-03-13 20:00:00,4,4.017267
2023-03-13 21:00:00,3,2.978146
2023-03-13 22:00:00,3,2.9638016
2023-03-13 23:00:00,2,2.874186
2023-03-14 00:00:00,3,2.749296
2023-03-14 01:00:00,3,2.749296
2023-03-14 02:00:00,2,2.8869753
2023-03-14 03:00:00,2,2.878249
2023-03-14 04:00:00,3,3.065509
2023-03-14 05:00:00,3,3.1726954
2023-03-14 06:00:00,2,3.215636
2023-03-14 07:00:00,4,3.2909126
2023-03-14 08:00:00,3,3.2284782
2023-03-14 09:00:00,3,3.3870242
2023-03-14 10:00:00,3,3.3870242
2023-03-14 11:00:00,3,3.3773785
2023-03-14 12:00:00,3,3.1667955
2023-03-14 13:00:00,3,3.28013
2023-03-14 14:00:00,3,3.28013
2023-03-14 15:00:00,3,3.2978833
2023-03-14 16:00:00,3,3.2840195
2023-03-14 17:00:00,3,3.2840195
2023-03-14 18:00:00,3,3.35924
2023-03-14 19:00:00,2,3.3231027
2023-03-14 20:00:00,3,3.2718382
2023-03-14 21:00:00,3,3.2878926
2023-03-14 22:00:00,2,3.178817
2023-03-14 23:00:00,3,3.192649
2023-03-15 00:00:00,2,3.1055439
2023-03-15 01:00:00,2,3.1055439
2023-03-15 02:00:00,2,3.260654
2023-03-15 03:00:00,3,3.400563
2023-03-15 04:00:00,2,3.6119542
2023-03-15 05:00:00,2,3.6519592
2023-03-15 06:00:00,3,3.7928023
2023-03-15 07:00:00,3,3.7887857
2023-03-15 08:00:00,3,3.8984787
2023-03-15 09:00:00,3,3.8503318
2023-03-15 10:00:00,3,3.7729216
2023-03-15 11:00:00,3,3.6469877
2023-03-15 12:00:00,2,3.5584497
2023-03-15 13:00:00,3,3.9951956
2023-03-15 14:00:00,2,4.4453635
2023-03-15 15:00:00,2,9.835184
2023-03-15 16:00:00,2,10.796845
2023-03-15 17:00:00,2,5.3637567
2023-03-15 18:00:00,2,5.2036357
2023-03-15 19:00:00,3,3.8897662
2023-03-15 20:00:00,3,3.749209
2023-03-15 21:00:00,3,3.6103277
2023-03-15 22:00:00,3,3.5380676
2023-03-15 23:00:00,3,3.4990137
2023-03-16 00:00:00,2,3.2246044
2023-03-16 01:00:00,3,3.253075
2023-03-16 02:00:00,2,3.415705
2023-03-16 03:00:00,3,3.180874
2023-03-16 04:00:00,2,4.1546636
2023-03-16 05:00:00,3,3.6978588
2023-03-16 06:00:00,3,3.821143
2023-03-16 07:00:00,2,3.858744
2023-03-16 08:00:00,3,3.7508214
2023-03-16 09:00:00,3,3.9899886
2023-03-16 10:00:00,3,4.2350736
2023-03-16 11:00:00,3,4.3241587
2023-03-16 12:00:00,2,4.2857485
2023-03-16 13:00:00,5,4.522187
2023-03-16 14:00:00,8,4.522187
2023-03-16 15:00:00,7,5.0089626
2023-03-16 16:00:00,8,6.550399
2023-03-16 17:00:00,7,6.2764034
2023-03-16 18:00:00,8,6.4037113
2023-03-16 19:00:00,3,3.61834
2023-03-16 20:00:00,2,3.1808605
2023-03-16 21:00:00,3,3.3862422
2023-03-16 22:00:00,2,2.785444
2023-03-16 23:00:00,2,2.7019734
2023-03-17 00:00:00,1,2.3727927
2023-03-17 01:00:00,1,2.3727927
2023-03-17 02:00:00,2,2.2033076
2023-03-17 03:00:00,1,2.1997304
2023-03-17 04:00:00,1,2.1204178
2023-03-17 05:00:00,2,2.1962185
2023-03-17 06:00:00,2,2.26603
2023-03-17 07:00:00,1,2.3098946
2023-03-17 08:00:00,3,3.019376
2023-03-17 09:00:00,2,3.0804574
2023-03-17 10:00:00,2,2.7014263
2023-03-17 11:00:00,1,2.8599334
2023-03-17 12:00:00,2,3.5570593
2023-03-17 13:00:00,2,3.6453857
2023-03-17 14:00:00,2,3.6453857
2023-03-17 15:00:00,1,8.731208
2023-03-17 16:00:00,2,5.1540847
2023-03-17 17:00:00,2,4.7191224
2023-03-17 18:00:00,2,4.7773137
2023-03-17 19:00:00,3,3.370208
2023-03-17 20:00:00,3,3.186103
2023-03-17 21:00:00,3,3.168804
2023-03-17 22:00:00,2,3.1186547
2023-03-17 23:00:00,3,3.2006674
2023-03-18 00:00:00,2,2.7960868
2023-03-18 01:00:00,3,2.7960868
2023-03-18 02:00:00,2,3.9087927
2023-03-18 03:00:00,2,3.9052155
2023-03-18 04:00:00,2,3.8839993
2023-03-18 05:00:00,3,4.0500317
2023-03-18 06:00:00,3,4.4211426
2023-03-18 07:00:00,3,4.4097366
2023-03-18 08:00:00,4,4.37096
2023-03-18 09:00:00,4,4.3758354
2023-03-18 10:00:00,4,4.5535917
2023-03-18 11:00:00,4,4.809769
2023-03-18 12:00:00,4,4.8506036
2023-03-18 13:00:00,5,5.032677
2023-03-18 14:00:00,8,5.4505334
2023-03-18 15:00:00,14,11.00613
2023-03-18 16:00:00,19,12.710557
2023-03-18 17:00:00,18,11.549297
2023-03-18 18:00:00,19,11.574935
2023-03-18 19:00:00,8,4.8719773
2023-03-18 20:00:00,6,4.663504
2023-03-18 21:00:00,6,4.648168
2023-03-18 22:00:00,5,4.3027763
2023-03-18 23:00:00,5,4.0357733
2023-03-19 00:00:00,6,3.824871
2023-03-19 01:00:00,5,3.9250412
2023-03-19 02:00:00,5,4.305866
2023-03-19 03:00:00,5,4.0598154
2023-03-19 04:00:00,5,4.0598154
2023-03-19 05:00:00,5,3.9605858
2023-03-19 06:00:00,4,4.3678074
2023-03-19 07:00:00,5,4.3724117
2023-03-19 08:00:00,5,4.2797356
2023-03-19 09:00:00,4,4.356114
2023-03-19 10:00:00,5,4.336435
2023-03-19 11:00:00,4,4.167703
2023-03-19 12:00:00,5,3.9977233
2023-03-19 13:00:00,4,4.190231
2023-03-19 14:00:00,4,4.180737
2023-03-19 15:00:00,5,4.20131
2023-03-19 16:00:00,8,5.330909
2023-03-19 17:00:00,3,5.312502
2023-03-19 18:00:00,3,5.330287
2023-03-19 19:00:00,3,4.216962
2023-03-19 20:00:00,4,4.076144
2023-03-19 21:00:00,3,3.844691
2023-03-19 22:00:00,3,3.7590148
2023-03-19 23:00:00,2,3.6678813
2023-03-20 00:00:00,3,2.9035745
2023-03-20 01:00:00,2,2.9035745
2023-03-20 02:00:00,3,3.0412538
2023-03-20 03:00:00,2,3.0376766
2023-03-20 04:00:00,3,3.0386298
2023-03-20 05:00:00,2,3.1765687
2023-03-20 06:00:00,3,3.368715
2023-03-20 07:00:00,3,3.3626177
2023-03-20 08:00:00,3,4.0812225
2023-03-20 09:00:00,3,4.10395
2023-03-20 10:00:00,4,3.07384
2023-03-20 11:00:00,3,3.2389011
2023-03-20 12:00:00,3,3.4621828
2023-03-20 13:00:00,3,4.0693817
2023-03-20 14:00:00,3,3.4373538
2023-03-20 15:00:00,3,3.5460773
2023-03-20 16:00:00,4,4.722065
2023-03-20 17:00:00,2,4.674882
2023-03-20 18:00:00,3,4.4079585
2023-03-20 19:00:00,4,3.3471096
2023-03-20 20:00:00,3,3.090269
2023-03-20 21:00:00,2,2.9528346
2023-03-20 22:00:00,2,2.986786
2023-03-20 23:00:00,2,2.9674003
2023-03-21 00:00:00,2,3.1531382
2023-03-21 01:00:00,2,3.155227
2023-03-21 02:00:00,2,3.2929063
2023-03-21 03:00:00,1,3.289329
2023-03-21 04:00:00,2,3.2872403
2023-03-21 05:00:00,2,3.3587053
2023-03-21 06:00:00,2,3.409491
2023-03-21 07:00:00,3,3.7096457
2023-03-21 08:00:00,2,3.3612466
2023-03-21 09:00:00,2,3.6435122
2023-03-21 10:00:00,3,4.3149486
2023-03-21 11:00:00,4,4.557675
2023-03-21 12:00:00,4,4.5418363
2023-03-21 13:00:00,3,3.8730276
2023-03-21 14:00:00,2,3.9070888
2023-03-21 15:00:00,3,5.8759146
2023-03-21 16:00:00,2,5.4102774
2023-03-21 17:00:00,4,5.4102774
2023-03-21 18:00:00,6,5.4625278
2023-03-21 19:00:00,4,3.9831216
2023-03-21 20:00:00,5,3.8043811
2023-03-21 21:00:00,4,3.5595264
2023-03-21 22:00:00,5,3.5306342
2023-03-21 23:00:00,4,3.5316238
2023-03-22 00:00:00,4,3.436011
2023-03-22 01:00:00,4,3.436011
2023-03-22 02:00:00,4,4.6643834
2023-03-22 03:00:00,4,4.3370337
2023-03-22 04:00:00,4,3.6079535
2023-03-22 05:00:00,4,3.5969517
2023-03-22 06:00:00,4,3.6311576
2023-03-22 07:00:00,5,3.657715
2023-03-22 08:00:00,5,3.6733963
2023-03-22 09:00:00,4,3.6782718
2023-03-22 10:00:00,5,3.743452
2023-03-22 11:00:00,4,3.507526
2023-03-22 12:00:00,5,3.513603
2023-03-22 13:00:00,4,3.6546226
2023-03-22 14:00:00,5,3.626459
2023-03-22 15:00:00,4,3.8421943
2023-03-22 16:00:00,5,6.64644
2023-03-22 17:00:00,4,6.1278567
2023-03-22 18:00:00,5,6.0958085
2023-03-22 19:00:00,5,4.996659
2023-03-22 20:00:00,4,4.804269
2023-03-22 21:00:00,5,3.9063277
2023-03-22 22:00:00,4,3.7459173
2023-03-22 23:00:00,5,3.8318934
2023-03-23 00:00:00,4,3.4044042
2023-03-23 01:00:00,4,3.4832408
2023-03-23 02:00:00,4,3.6209202
2023-03-23 03:00:00,4,3.745932
2023-03-23 04:00:00,4,3.7710757
2023-03-23 05:00:00,4,3.8792346
2023-03-23 06:00:00,5,3.9469855
2023-03-23 07:00:00,4,4.017314
2023-03-23 08:00:00,5,3.8591876
2023-03-23 09:00:00,4,3.864063
2023-03-23 10:00:00,4,3.784988
2023-03-23 11:00:00,4,4.1311316
2023-03-23 12:00:00,4,4.0853276
2023-03-23 13:00:00,4,4.167748
2023-03-23 14:00:00,4,4.22978
2023-03-23 15:00:00,4,4.5870953
2023-03-23 16:00:00,4,5.750617
2023-03-23 17:00:00,3,5.0311646
2023-03-23 18:00:00,4,5.1525936
2023-03-23 19:00:00,3,4.132515
2023-03-23 20:00:00,4,4.1351285
2023-03-23 21:00:00,3,3.8508642
2023-03-23 22:00:00,4,3.7038646
2023-03-23 23:00:00,3,3.6754174
2023-03-24 00:00:00,4,3.4929981
2023-03-24 01:00:00,3,3.5732076
2023-03-24 02:00:00,3,3.710887
2023-03-24 03:00:00,3,3.727074
2023-03-24 04:00:00,4,3.727074
2023-03-24 05:00:00,3,3.7720172
2023-03-24 06:00:00,4,3.8500633
2023-03-24 07:00:00,4,3.8651268
2023-03-24 08:00:00,4,3.7212658
2023-03-24 09:00:00,4,3.8754723
2023-03-24 10:00:00,4,3.8754723
2023-03-24 11:00:00,5,3.7272682
2023-03-24 12:00:00,4,3.7912545
2023-03-24 13:00:00,5,3.8963473
2023-03-24 14:00:00,4,3.9074318
2023-03-24 15:00:00,4,4.0443735
2023-03-24 16:00:00,9,5.010536
2023-03-24 17:00:00,18,5.235786
2023-03-24 18:00:00,17,5.1576066
2023-03-24 19:00:00,17,4.4737377
2023-03-24 20:00:00,5,4.2566857
2023-03-24 21:00:00,4,3.7967036
2023-03-24 22:00:00,4,3.7194319
2023-03-24 23:00:00,4,3.7591004
2023-03-25 00:00:00,4,3.593846
2023-03-25 01:00:00,3,3.6308448
2023-03-25 02:00:00,4,3.7315254
2023-03-25 03:00:00,3,3.8163767
2023-03-25 04:00:00,4,3.8163767
2023-03-25 05:00:00,3,3.854383
2023-03-25 06:00:00,4,4.0056157
2023-03-25 07:00:00,5,4.3092527
2023-03-25 08:00:00,4,4.2277594
2023-03-25 09:00:00,5,3.9510717
2023-03-25 10:00:00,5,3.8859947
2023-03-25 11:00:00,4,3.614851
2023-03-25 12:00:00,5,3.6311972
2023-03-25 13:00:00,4,3.7696717
2023-03-25 14:00:00,3,3.4332078
2023-03-25 15:00:00,4,3.857828
2023-03-25 16:00:00,4,4.5797615
2023-03-25 17:00:00,4,4.5797615
2023-03-25 18:00:00,3,4.494337
2023-03-25 19:00:00,4,4.126873
2023-03-25 20:00:00,4,3.9965665
2023-03-25 21:00:00,4,4.010773
2023-03-25 22:00:00,3,3.8439796
2023-03-25 23:00:00,4,3.8525848
2023-03-26 00:00:00,3,3.561922
2023-03-26 01:00:00,3,3.5436525
2023-03-26 02:00:00,4,3.6872709
2023-03-26 05:00:00,3,3.7700186
2023-03-26 06:00:00,4,3.83616
2023-03-26 07:00:00,3,3.8631282
2023-03-26 08:00:00,4,3.7816343
2023-03-26 09:00:00,4,3.7852616
2023-03-26 10:00:00,3,3.6800957
2023-03-26 11:00:00,4,3.5595238
2023-03-26 12:00:00,3,3.4709103
2023-03-26 13:00:00,4,3.61193
2023-03-26 14:00:00,3,3.5673559
2023-03-26 15:00:00,3,3.7243478
2023-03-26 16:00:00,4,4.830898
2023-03-26 17:00:00,4,4.830898
2023-03-26 18:00:00,5,4.7918983
2023-03-26 19:00:00,4,3.9872568
2023-03-26 20:00:00,5,3.8405452
2023-03-26 21:00:00,5,3.6247742
2023-03-26 22:00:00,4,3.611194
2023-03-26 23:00:00,5,3.668313
2023-03-27 00:00:00,4,2.998583
2023-03-27 01:00:00,4,3.1069818
2023-03-27 02:00:00,5,3.244661
2023-03-27 03:00:00,4,3.2410839
2023-03-27 04:00:00,4,3.2441142
2023-03-27 05:00:00,4,3.3931713
2023-03-27 06:00:00,4,3.4754276
2023-03-27 07:00:00,3,3.5507042
2023-03-27 08:00:00,4,3.484899
2023-03-27 09:00:00,4,3.488367
2023-03-27 10:00:00,4,3.4403057
2023-03-27 11:00:00,4,3.2808967
2023-03-27 12:00:00,4,3.269267
2023-03-27 13:00:00,3,3.4371233
2023-03-27 14:00:00,4,3.439212
2023-03-27 15:00:00,4,3.4326358
2023-03-27 16:00:00,4,4.4514666
2023-03-27 17:00:00,5,5.0518475
2023-03-27 18:00:00,5,5.120702
2023-03-27 19:00:00,6,4.642652
2023-03-27 20:00:00,5,4.547518
2023-03-27 21:00:00,5,3.7946024
2023-03-27 22:00:00,5,4.332938
2023-03-27 23:00:00,5,4.0603113
2023-03-28 00:00:00,5,3.4615912
2023-03-28 01:00:00,4,3.4615912
2023-03-28 02:00:00,5,3.7563016
2023-03-28 03:00:00,4,3.7789817
2023-03-28 04:00:00,5,3.7789817
2023-03-28 05:00:00,5,3.7885313
2023-03-28 06:00:00,4,3.5517774
2023-03-28 07:00:00,5,3.5783348
2023-03-28 08:00:00,5,3.8290663
2023-03-28 09:00:00,6,3.7747629
2023-03-28 10:00:00,6,3.796847
2023-03-28 11:00:00,5,3.529796
2023-03-28 12:00:00,5,4.0748296
2023-03-28 13:00:00,6,4.2360997
2023-03-28 14:00:00,5,4.1640887
2023-03-28 15:00:00,5,4.2491193
2023-03-28 16:00:00,6,5.2655253
2023-03-28 17:00:00,6,5.3545127
2023-03-28 18:00:00,5,5.380152
2023-03-28 19:00:00,5,4.5349736
2023-03-28 20:00:00,5,3.9113634
2023-03-28 21:00:00,6,3.8308213
2023-03-28 22:00:00,5,3.485287
2023-03-28 23:00:00,5,3.4789958
2023-03-29 00:00:00,5,3.2954187
2023-03-29 01:00:00,4,4.202932
2023-03-29 02:00:00,5,4.6643834
2023-03-29 03:00:00,5,4.7710905
2023-03-29 04:00:00,4,4.674928
2023-03-29 05:00:00,4,4.0282993
2023-03-29 06:00:00,4,4.1350446
2023-03-29 07:00:00,4,4.5305543
2023-03-29 08:00:00,4,4.4058805
2023-03-29 09:00:00,5,4.40451
2023-03-29 10:00:00,5,4.40451
2023-03-29 11:00:00,5,3.82618
2023-03-29 12:00:00,5,4.170759
2023-03-29 13:00:00,4,4.1447744
2023-03-29 14:00:00,5,4.411765
2023-03-29 15:00:00,5,4.428597
2023-03-29 16:00:00,4,5.692094
2023-03-29 17:00:00,5,5.7402406
2023-03-29 18:00:00,12,5.765879
2023-03-29 19:00:00,12,4.79351
2023-03-29 20:00:00,4,4.5744147
2023-03-29 21:00:00,4,4.42278
2023-03-29 22:00:00,4,4.2373643
2023-03-29 23:00:00,3,3.7827606
2023-03-30 00:00:00,3,3.571809
2023-03-30 01:00:00,4,3.6579
2023-03-30 03:00:00,3,3.8475618
2023-03-30 04:00:00,4,3.8475618
2023-03-30 05:00:00,4,3.9864047
2023-03-30 06:00:00,4,4.1021447
2023-03-30 07:00:00,5,4.106748
2023-03-30 08:00:00,5,4.0140715
2023-03-30 09:00:00,5,4.0472713
2023-03-30 10:00:00,5,4.038913
2023-03-30 11:00:00,4,4.1756268
2023-03-30 12:00:00,5,3.7791986
2023-03-30 13:00:00,4,4.411132
2023-03-30 14:00:00,4,4.144141
2023-03-30 15:00:00,4,4.325367
2023-03-30 16:00:00,3,5.6230593
2023-03-30 17:00:00,6,5.572033
2023-03-30 18:00:00,13,5.6705723
2023-03-30 19:00:00,6,4.3147445
2023-03-30 20:00:00,4,4.1188803
2023-03-30 21:00:00,4,3.8644238
2023-03-30 22:00:00,3,3.7807178
2023-03-30 23:00:00,4,3.5571017
2023-03-31 00:00:00,3,3.2226222
2023-03-31 01:00:00,4,3.4516642
2023-03-31 02:00:00,3,3.6142943
2023-03-31 03:00:00,4,3.460191
2023-03-31 04:00:00,3,3.460191
2023-03-31 05:00:00,4,3.7051864
2023-03-31 06:00:00,5,3.8545258
2023-03-31 07:00:00,4,3.881494
2023-03-31 08:00:00,5,3.9933074
2023-03-31 09:00:00,5,3.9981823
2023-03-31 10:00:00,4,3.74771
2023-03-31 11:00:00,4,3.6114445
2023-03-31 12:00:00,4,3.6459112
2023-03-31 13:00:00,5,3.751004
2023-03-31 14:00:00,4,3.603024
2023-03-31 15:00:00,4,3.78425
2023-03-31 16:00:00,4,5.004276
2023-03-31 17:00:00,5,4.9419255
2023-03-31 18:00:00,4,5.022061
2023-03-31 19:00:00,5,3.9612114
2023-03-31 20:00:00,4,3.6995668
2023-03-31 21:00:00,5,3.598227
2023-03-31 22:00:00,4,3.90202
2023-03-31 23:00:00,4,3.8346481
